aX,aY,aZ,gX,gY,gZ
-1.2086181640625,-2.4613037109375,0.608642578125,79.345703125,-227.35595703125,-6.103515625
-1.27978515625,-2.5657958984375,0.634765625,86.0595703125,-231.5673828125,-1.40380859375
-1.3623046875,-2.6468505859375,0.64599609375,90.6982421875,-235.107421875,4.94384765625
-1.467529296875,-2.676513671875,0.642578125,96.13037109375,-238.4033203125,12.5732421875
-1.5428466796875,-2.6435546875,0.6220703125,104.18701171875,-240.41748046875,21.3623046875
-1.615478515625,-2.5908203125,0.573974609375,117.1875,-242.919921875,30.1513671875
-1.6842041015625,-2.520751953125,0.5047607421875,134.58251953125,-246.03271484375,38.9404296875
-1.725341796875,-2.4344482421875,0.4202880859375,155.029296875,-249.6337890625,46.875
-1.81982421875,-2.417236328125,0.3260498046875,177.1240234375,-253.2958984375,53.28369140625
-1.97314453125,-2.397705078125,0.1397705078125,193.603515625,-257.4462890625,57.6171875
-2.008544921875,-2.372802734375,-0.1368408203125,199.70703125,-263.916015625,60.24169921875
-2.1619873046875,-2.402099609375,-0.19873046875,198.73046875,-276.55029296875,61.8896484375
-2.281494140625,-2.470458984375,-0.196044921875,185.6689453125,-288.39111328125,60.97412109375
-2.2974853515625,-2.486083984375,-0.1513671875,156.982421875,-297.36328125,59.9365234375
-2.31689453125,-2.4385986328125,-0.0023193359375,119.20166015625,-304.99267578125,60.24169921875
-2.407470703125,-2.375,0.1785888671875,81.0546875,-311.5234375,62.744140625
-2.49560546875,-2.321044921875,0.2921142578125,45.95947265625,-316.58935546875,67.626953125
-2.5848388671875,-2.2440185546875,0.341796875,18.12744140625,-319.4580078125,74.89013671875
-2.6910400390625,-2.1651611328125,0.3948974609375,5.43212890625,-321.10595703125,83.80126953125
-2.81103515625,-2.16357421875,0.4072265625,8.4228515625,-321.77734375,92.8955078125
-2.8895263671875,-2.2283935546875,0.3819580078125,20.1416015625,-322.021484375,101.5625
-2.9091796875,-2.3031005859375,0.384521484375,31.43310546875,-323.2421875,109.80224609375
-2.933837890625,-2.3580322265625,0.4302978515625,37.04833984375,-324.8291015625,117.61474609375
-2.94775390625,-2.3779296875,0.4866943359375,35.5224609375,-326.416015625,125.42724609375
-2.984130859375,-2.3345947265625,0.544677734375,29.23583984375,-327.392578125,133.72802734375
-3.007568359375,-2.287353515625,0.617919921875,22.216796875,-327.0263671875,142.4560546875
-2.9964599609375,-2.247314453125,0.660400390625,16.7236328125,-325.68359375,151.91650390625
-3.02294921875,-2.1947021484375,0.666015625,12.3291015625,-323.42529296875,161.43798828125
-3.0460205078125,-2.1385498046875,0.671630859375,9.46044921875,-320.25146484375,170.2880859375
-3.01318359375,-2.0577392578125,0.653076171875,8.1787109375,-317.2607421875,178.64990234375
-2.9893798828125,-1.9754638671875,0.6370849609375,9.94873046875,-314.453125,186.767578125
-2.9765625,-1.88037109375,0.605224609375,15.68603515625,-312.1337890625,193.7255859375
-2.9578857421875,-1.803466796875,0.60498046875,24.23095703125,-310.36376953125,199.40185546875
-2.9598388671875,-1.7454833984375,0.5904541015625,34.48486328125,-308.7158203125,203.857421875
-2.926513671875,-1.7183837890625,0.5966796875,43.8232421875,-306.5185546875,207.94677734375
-2.8421630859375,-1.6763916015625,0.586669921875,48.7060546875,-304.19921875,211.85302734375
-2.7957763671875,-1.6397705078125,0.6048583984375,47.607421875,-302.06298828125,215.39306640625
-2.7576904296875,-1.5975341796875,0.615966796875,41.44287109375,-299.13330078125,218.68896484375
-2.708740234375,-1.5537109375,0.623779296875,31.55517578125,-296.08154296875,222.96142578125
-2.6605224609375,-1.50048828125,0.64111328125,18.9208984375,-292.78564453125,227.35595703125
-2.61962890625,-1.4296875,0.654052734375,5.2490234375,-288.818359375,232.2998046875
-2.57568359375,-1.347412109375,0.6513671875,-7.38525390625,-284.72900390625,237.48779296875
-2.533935546875,-1.262939453125,0.643798828125,-17.15087890625,-280.21240234375,242.24853515625
-2.486572265625,-1.186279296875,0.6536865234375,-22.76611328125,-275.57373046875,246.03271484375
-2.429931640625,-1.115966796875,0.6588134765625,-24.59716796875,-271.1181640625,249.45068359375
-2.3843994140625,-1.04833984375,0.6593017578125,-23.13232421875,-265.93017578125,252.62451171875
-2.3209228515625,-0.99267578125,0.6744384765625,-18.85986328125,-260.986328125,255.06591796875
-2.234130859375,-0.9365234375,0.69580078125,-13.24462890625,-256.04248046875,257.2021484375
-2.14208984375,-0.889404296875,0.7122802734375,-7.14111328125,-251.708984375,259.033203125
-2.056396484375,-0.843994140625,0.7342529296875,-1.28173828125,-247.37548828125,260.19287109375
-1.994384765625,-0.8006591796875,0.7742919921875,3.41796875,-242.85888671875,260.8642578125
-1.9366455078125,-0.759521484375,0.8101806640625,6.16455078125,-238.1591796875,260.8642578125
-1.8519287109375,-0.7200927734375,0.835205078125,7.32421875,-232.60498046875,260.498046875
-1.7540283203125,-0.6781005859375,0.869873046875,6.7138671875,-226.86767578125,259.6435546875
-1.6724853515625,-0.6365966796875,0.897216796875,5.0048828125,-221.13037109375,258.30078125
-1.621337890625,-0.5955810546875,0.919921875,2.13623046875,-214.9658203125,256.40869140625
-1.5648193359375,-0.550048828125,0.9434814453125,-1.8310546875,-208.67919921875,254.638671875
-1.499267578125,-0.4852294921875,0.9765625,-6.34765625,-202.1484375,252.8076171875
-1.4193115234375,-0.4075927734375,1.003662109375,-11.65771484375,-195.37353515625,250.8544921875
-1.3355712890625,-0.3460693359375,1.0360107421875,-17.08984375,-187.98828125,248.779296875
-1.2557373046875,-0.2618408203125,1.061767578125,-21.42333984375,-180.23681640625,246.09375
-1.1549072265625,-0.2120361328125,1.0775146484375,-23.5595703125,-171.93603515625,243.5302734375
-1.05615234375,-0.14208984375,1.119140625,-23.8037109375,-163.63525390625,240.17333984375
-0.972412109375,-0.0909423828125,1.1544189453125,-23.25439453125,-154.96826171875,236.572265625
-0.91748046875,-0.05224609375,1.180908203125,-22.3388671875,-146.30126953125,232.666015625
-0.8511962890625,-0.01318359375,1.2191162109375,-21.05712890625,-137.5732421875,228.6376953125
-0.80615234375,0.0340576171875,1.247802734375,-19.71435546875,-129.08935546875,224.79248046875
-0.7652587890625,0.0960693359375,1.2813720703125,-17.4560546875,-120.60546875,221.13037109375
-0.693359375,0.1873779296875,1.3148193359375,-13.916015625,-112.24365234375,217.8955078125
-0.5821533203125,0.264892578125,1.3193359375,-8.60595703125,-103.69873046875,214.7216796875
-0.5706787109375,0.29736328125,1.3265380859375,-2.01416015625,-95.88623046875,210.8154296875
-0.53369140625,0.3165283203125,1.3460693359375,3.11279296875,-88.5009765625,206.0546875
-0.4814453125,0.3359375,1.3280029296875,4.638671875,-81.72607421875,200.439453125
-0.4112548828125,0.3609619140625,1.3194580078125,3.84521484375,-75.1953125,194.76318359375
-0.3348388671875,0.404296875,1.3397216796875,2.44140625,-68.9697265625,189.208984375
-0.2789306640625,0.4559326171875,1.353515625,1.8310546875,-62.255859375,183.53271484375
-0.242431640625,0.510986328125,1.3582763671875,2.01416015625,-55.11474609375,178.03955078125
-0.1942138671875,0.5760498046875,1.3673095703125,2.86865234375,-47.54638671875,172.4853515625
-0.1064453125,0.6646728515625,1.2884521484375,5.4931640625,-26.42822265625,150.20751953125
-0.0631103515625,0.6669921875,1.23046875,6.89697265625,-21.30126953125,141.78466796875
0.00244140625,0.66015625,1.1953125,8.60595703125,-17.27294921875,133.4228515625
0.050048828125,0.6414794921875,1.1685791015625,9.94873046875,-13.36669921875,125.3662109375
0.07275390625,0.6197509765625,1.1302490234375,11.3525390625,-9.21630859375,118.2861328125
0.08837890625,0.61865234375,1.0931396484375,13.97705078125,-5.126953125,111.63330078125
0.109375,0.6253662109375,1.0692138671875,18.310546875,-1.708984375,105.89599609375
0.0997314453125,0.6241455078125,1.0367431640625,22.64404296875,1.5869140625,100.5859375
0.0899658203125,0.6199951171875,0.9993896484375,26.123046875,4.8828125,95.03173828125
0.0908203125,0.62060546875,0.9512939453125,27.7099609375,7.32421875,89.17236328125
0.114013671875,0.6431884765625,0.8974609375,28.076171875,8.7890625,82.8857421875
0.1654052734375,0.6732177734375,0.8497314453125,29.23583984375,9.70458984375,76.2939453125
0.2508544921875,0.6927490234375,0.8218994140625,32.470703125,10.7421875,69.76318359375
0.3206787109375,0.6988525390625,0.81494140625,36.0107421875,11.53564453125,63.3544921875
0.3360595703125,0.6676025390625,0.7926025390625,36.80419921875,13.61083984375,42.1142578125
0.357666015625,0.68310546875,0.7781982421875,33.26416015625,13.916015625,34.7900390625
0.384765625,0.6893310546875,0.762451171875,29.84619140625,14.404296875,28.01513671875
0.4080810546875,0.6885986328125,0.7440185546875,25.87890625,14.5263671875,21.78955078125
0.3912353515625,0.6695556640625,0.7076416015625,13.18359375,14.46533203125,8.4228515625
0.400146484375,0.668212890625,0.69873046875,4.33349609375,13.916015625,1.64794921875
0.42578125,0.6676025390625,0.689208984375,-6.2255859375,13.24462890625,-4.69970703125
0.455810546875,0.671875,0.6815185546875,-18.12744140625,13.00048828125,-11.29150390625
0.4803466796875,0.67578125,0.6707763671875,-30.21240234375,12.6953125,-18.85986328125
0.4893798828125,0.6756591796875,0.65869140625,-40.58837890625,12.14599609375,-26.55029296875
0.49609375,0.6744384765625,0.64697265625,-47.9736328125,11.8408203125,-34.0576171875
0.4820556640625,0.6688232421875,0.642333984375,-51.81884765625,10.92529296875,-40.71044921875
0.46533203125,0.6492919921875,0.634033203125,-52.3681640625,10.31494140625,-46.7529296875
0.4627685546875,0.6256103515625,0.6290283203125,-51.025390625,9.3994140625,-52.8564453125
0.4825439453125,0.5999755859375,0.622802734375,-48.9501953125,8.36181640625,-58.59375
0.496826171875,0.574462890625,0.6165771484375,-46.875,7.2021484375,-64.0869140625
0.4866943359375,0.548583984375,0.6171875,-45.166015625,6.04248046875,-69.64111328125
0.468994140625,0.5213623046875,0.62109375,-44.677734375,4.8828125,-74.89013671875
0.4373779296875,0.4906005859375,0.6282958984375,-45.10498046875,3.662109375,-80.13916015625
0.3953857421875,0.4537353515625,0.6385498046875,-45.34912109375,2.74658203125,-85.3271484375
0.36376953125,0.4052734375,0.6385498046875,-45.34912109375,2.01416015625,-89.9658203125
0.3544921875,0.34619140625,0.6348876953125,-44.5556640625,1.46484375,-93.75
-1.5401611328125,-2.3306884765625,-0.196044921875,56.33544921875,-240.29541015625,14.5263671875
-1.6368408203125,-2.3223876953125,-0.1795654296875,60.791015625,-249.32861328125,24.0478515625
-1.7537841796875,-2.3333740234375,-0.140380859375,62.8662109375,-258.23974609375,33.0810546875
-1.8486328125,-2.3447265625,-0.0870361328125,59.5703125,-267.4560546875,41.56494140625
-1.934814453125,-2.35107421875,-0.0147705078125,50.59814453125,-276.611328125,49.8046875
-2.03955078125,-2.3304443359375,0.0487060546875,37.2314453125,-285.82763671875,58.28857421875
-2.1512451171875,-2.3096923828125,0.1068115234375,22.0947265625,-294.12841796875,66.71142578125
-2.25146484375,-2.334228515625,0.1827392578125,7.080078125,-302.06298828125,75.13427734375
-2.3492431640625,-2.3707275390625,0.264892578125,-7.75146484375,-309.14306640625,83.80126953125
-2.4537353515625,-2.3797607421875,0.32763671875,-21.17919921875,-315.5517578125,93.56689453125
-2.5548095703125,-2.372314453125,0.3775634765625,-31.1279296875,-320.6787109375,104.6142578125
-2.6605224609375,-2.3509521484375,0.446533203125,-36.19384765625,-325.01220703125,116.2109375
-2.776123046875,-2.204345703125,0.4630126953125,-36.0107421875,-328.7353515625,127.74658203125
-2.88818359375,-2.13818359375,0.4976806640625,-24.7802734375,-334.1064453125,135.986328125
-3.1131591796875,-2.2314453125,0.62744140625,-2.8076171875,-339.111328125,142.27294921875
-3.2274169921875,-2.2552490234375,0.837646484375,19.1650390625,-340.51513671875,150.45166015625
-3.249755859375,-2.3426513671875,1.0142822265625,38.39111328125,-340.6982421875,156.982421875
-3.2738037109375,-2.4295654296875,1.135009765625,51.1474609375,-338.92822265625,163.51318359375
-3.1690673828125,-2.5029296875,1.253662109375,58.349609375,-334.04541015625,172.91259765625
-3.109130859375,-2.512451171875,1.311767578125,59.50927734375,-329.40673828125,186.21826171875
-3.162841796875,-2.47509765625,1.3057861328125,55.2978515625,-324.64599609375,199.27978515625
-3.2176513671875,-2.4105224609375,1.3223876953125,48.583984375,-320.61767578125,210.75439453125
-3.2330322265625,-2.3658447265625,1.38623046875,40.52734375,-316.0400390625,220.88623046875
-3.19775390625,-2.3511962890625,1.403076171875,30.8837890625,-310.546875,230.46875
-3.158935546875,-2.3482666015625,1.391845703125,19.10400390625,-303.64990234375,240.41748046875
-3.11474609375,-2.3135986328125,1.37158203125,6.7138671875,-295.10498046875,251.40380859375
-3.1024169921875,-2.252197265625,1.3267822265625,-5.06591796875,-286.07177734375,263.85498046875
-3.1075439453125,-2.1629638671875,1.2567138671875,-13.7939453125,-277.52685546875,276.123046875
-3.1070556640625,-2.0677490234375,1.205810546875,-16.78466796875,-268.9208984375,287.9638671875
-3.0885009765625,-1.95263671875,1.154541015625,-13.24462890625,-260.498046875,298.9501953125
-3.0667724609375,-1.8404541015625,1.0736083984375,-3.11279296875,-252.99072265625,308.837890625
-3.0135498046875,-1.759521484375,1.0013427734375,12.20703125,-246.9482421875,316.5283203125
-2.969970703125,-1.678466796875,0.9447021484375,29.96826171875,-242.73681640625,322.44873046875
-2.92041015625,-1.620361328125,0.9149169921875,48.33984375,-240.41748046875,326.59912109375
-2.8553466796875,-1.5819091796875,0.89208984375,63.96484375,-239.2578125,330.01708984375
-2.8270263671875,-1.54150390625,0.880126953125,73.73046875,-238.95263671875,333.1298828125
-2.8153076171875,-1.4735107421875,0.87841796875,75.68359375,-238.22021484375,335.3271484375
-2.7591552734375,-1.394287109375,0.8709716796875,71.4111328125,-237.1826171875,337.09716796875
-2.7073974609375,-1.31982421875,0.8604736328125,63.17138671875,-235.9619140625,338.07373046875
-2.705810546875,-1.1612548828125,0.8709716796875,52.8564453125,-233.70361328125,338.80615234375
-2.6129150390625,-1.0439453125,0.884521484375,46.2646484375,-231.201171875,340.51513671875
-2.52001953125,-0.9569091796875,0.9072265625,39.794921875,-227.47802734375,341.73583984375
-2.4534912109375,-0.8487548828125,0.951904296875,29.1748046875,-222.96142578125,341.73583984375
-2.3634033203125,-0.7198486328125,1.0008544921875,17.39501953125,-217.46826171875,340.75927734375
-2.2449951171875,-0.55419921875,1.0406494140625,6.28662109375,-210.0830078125,339.2333984375
-2.11083984375,-0.396484375,1.090576171875,-3.96728515625,-202.08740234375,337.09716796875
-2.0189208984375,-0.253662109375,1.1607666015625,-13.61083984375,-192.7490234375,333.43505859375
-1.934326171875,-0.1256103515625,1.232666015625,-21.3623046875,-182.861328125,328.67431640625
-1.782470703125,-0.0050048828125,1.2889404296875,-24.59716796875,-172.54638671875,322.998046875
-1.630859375,0.0677490234375,1.331787109375,-23.62060546875,-161.7431640625,317.32177734375
-1.5203857421875,0.134521484375,1.370849609375,-19.22607421875,-150.2685546875,311.95068359375
-1.4290771484375,0.2047119140625,1.38720703125,-12.63427734375,-138.48876953125,306.15234375
-1.3258056640625,0.2896728515625,1.3875732421875,-3.35693359375,-127.01416015625,300.35400390625
-1.2366943359375,0.3565673828125,1.3602294921875,8.6669921875,-116.14990234375,294.0673828125
-1.14404296875,0.40283203125,1.3270263671875,22.15576171875,-106.5673828125,287.109375
-1.0421142578125,0.4364013671875,1.2998046875,34.97314453125,-98.876953125,279.60205078125
-0.955810546875,0.4595947265625,1.271728515625,45.654296875,-91.97998046875,271.6064453125
-0.8685302734375,0.4736328125,1.2393798828125,52.8564453125,-86.12060546875,263.12255859375
-0.78515625,0.477783203125,1.200439453125,56.2744140625,-80.62744140625,254.7607421875
-0.712646484375,0.4697265625,1.1424560546875,55.5419921875,-75.439453125,246.58203125
-0.645263671875,0.46142578125,1.0985107421875,51.08642578125,-71.10595703125,238.76953125
-0.5968017578125,0.46630859375,1.0589599609375,44.43359375,-67.81005859375,230.5908203125
-0.53369140625,0.47509765625,1.0240478515625,37.9638671875,-64.88037109375,222.59521484375
-0.456787109375,0.5009765625,1.0157470703125,32.04345703125,-62.19482421875,214.90478515625
-0.41455078125,0.538330078125,1.0155029296875,27.28271484375,-58.89892578125,207.82470703125
-0.348388671875,0.5811767578125,1.0206298828125,23.98681640625,-54.62646484375,200.927734375
-0.291259765625,0.620361328125,1.0240478515625,21.42333984375,-50.29296875,193.603515625
-0.2646484375,0.640869140625,1.02685546875,18.85986328125,-45.654296875,185.85205078125
-0.224609375,0.6746826171875,1.029296875,16.41845703125,-41.56494140625,177.490234375
-0.1719970703125,0.7059326171875,1.0218505859375,14.70947265625,-37.65869140625,169.25048828125
-0.12548828125,0.7255859375,1.0087890625,14.58740234375,-34.48486328125,160.64453125
-0.0633544921875,0.7493896484375,1.0037841796875,17.27294921875,-32.16552734375,152.28271484375
-0.018798828125,0.7677001953125,1.0235595703125,22.64404296875,-30.029296875,144.10400390625
0.0140380859375,0.7794189453125,1.04443359375,28.13720703125,-27.099609375,136.65771484375
0.02099609375,0.7984619140625,1.0447998046875,31.67724609375,-23.13232421875,129.7607421875
0.0189208984375,0.8076171875,1.0445556640625,32.77587890625,-19.287109375,122.9248046875
0.0198974609375,0.82958984375,1.0411376953125,32.2265625,-15.625,116.0888671875
0.0526123046875,0.863525390625,1.0421142578125,31.005859375,-12.20703125,109.06982421875
0.0860595703125,0.8922119140625,1.0452880859375,29.296875,-8.97216796875,101.9287109375
0.09423828125,0.9248046875,1.0369873046875,27.40478515625,-5.4931640625,94.8486328125
0.1241455078125,0.9696044921875,1.026611328125,26.9775390625,-2.0751953125,87.95166015625
0.1768798828125,1.00830078125,1.0076904296875,28.1982421875,1.52587890625,81.4208984375
0.218994140625,1.0174560546875,0.9801025390625,29.96826171875,5.0048828125,74.89013671875
0.250244140625,1.02001953125,0.9539794921875,31.1279296875,8.60595703125,68.29833984375
0.2640380859375,1.023193359375,0.9390869140625,30.517578125,11.8408203125,61.70654296875
0.29443359375,1.0308837890625,0.9111328125,28.13720703125,14.95361328125,54.26025390625
0.3426513671875,1.0545654296875,0.914306640625,24.658203125,17.15087890625,46.630859375
0.33056640625,1.0306396484375,0.887939453125,20.5078125,19.04296875,38.818359375
0.3272705078125,1.0230712890625,0.850341796875,15.68603515625,20.99609375,31.18896484375
0.3563232421875,1.0740966796875,0.8267822265625,12.63427734375,22.705078125,23.62060546875
0.4163818359375,1.197998046875,0.790771484375,11.962890625,23.98681640625,15.7470703125
0.4833984375,1.404541015625,0.7410888671875,13.5498046875,25.146484375,7.38525390625
0.4927978515625,1.47216796875,0.70703125,15.80810546875,26.2451171875,0.244140625
0.440673828125,1.3779296875,0.677978515625,15.56396484375,26.7333984375,-6.7138671875
0.38720703125,1.2789306640625,0.6453857421875,12.939453125,26.85546875,-17.578125
0.3687744140625,1.1005859375,0.6209716796875,11.53564453125,26.67236328125,-28.62548828125
0.3974609375,0.955322265625,0.610107421875,10.3759765625,25.81787109375,-37.53662109375
0.418212890625,0.8485107421875,0.5897216796875,9.6435546875,25.2685546875,-44.7998046875
0.437744140625,0.77392578125,0.56982421875,8.7890625,25.146484375,-51.26953125
0.52001953125,0.7037353515625,0.544921875,7.6904296875,24.35302734375,-57.06787109375
0.54052734375,0.6378173828125,0.4986572265625,5.92041015625,22.88818359375,-62.6220703125
0.3348388671875,0.59521484375,0.4910888671875,4.94384765625,23.62060546875,-69.2138671875
0.2982177734375,0.5625,0.4559326171875,4.5166015625,22.52197265625,-73.66943359375
0.388916015625,0.5294189453125,0.3994140625,4.150390625,19.8974609375,-76.0498046875
0.4776611328125,0.4971923828125,0.3638916015625,3.72314453125,17.2119140625,-78.55224609375
0.5335693359375,0.4561767578125,0.3543701171875,3.0517578125,14.34326171875,-80.50537109375
0.5516357421875,0.4149169921875,0.3577880859375,1.0986328125,10.8642578125,-81.60400390625
0.5340576171875,0.3828125,0.3675537109375,-3.47900390625,7.32421875,-82.8857421875
0.496826171875,0.3564453125,0.384033203125,-10.92529296875,4.5166015625,-84.28955078125
0.4605712890625,0.3262939453125,0.393798828125,-20.81298828125,2.0751953125,-86.181640625
0.433837890625,0.306396484375,0.40234375,-32.89794921875,-0.1220703125,-88.80615234375
0.4322509765625,0.3004150390625,0.4136962890625,-45.10498046875,-2.38037109375,-91.73583984375
0.4403076171875,0.298828125,0.41748046875,-55.7861328125,-4.638671875,-94.7265625
0.44921875,0.30078125,0.4163818359375,-63.232421875,-6.89697265625,-97.412109375
0.4549560546875,0.3011474609375,0.42333984375,-67.7490234375,-9.27734375,-99.67041015625
0.454345703125,0.293212890625,0.426513671875,-68.90869140625,-11.65771484375,-101.5625
0.439453125,0.2890625,0.434814453125,-67.7490234375,-14.0380859375,-103.1494140625
0.410400390625,0.284912109375,0.447509765625,-64.8193359375,-16.29638671875,-104.8583984375
0.3892822265625,0.2752685546875,0.4566650390625,-60.9130859375,-18.12744140625,-106.26220703125
-1.401611328125,-2.072998046875,0.6978759765625,91.85791015625,-146.97265625,121.826171875
-1.4381103515625,-2.17138671875,0.69189453125,90.88134765625,-149.96337890625,130.9814453125
-1.5321044921875,-2.2606201171875,0.7081298828125,82.09228515625,-154.23583984375,140.93017578125
-1.6597900390625,-2.3001708984375,0.7396240234375,67.0166015625,-158.447265625,151.9775390625
-1.754638671875,-2.2978515625,0.7684326171875,50.1708984375,-162.04833984375,163.9404296875
-1.829345703125,-2.25439453125,0.77734375,36.0107421875,-164.55078125,176.8798828125
-1.9178466796875,-2.199951171875,0.778564453125,26.7333984375,-166.44287109375,190.5517578125
-1.9840087890625,-2.1517333984375,0.7691650390625,22.3388671875,-167.66357421875,203.7353515625
-2.0379638671875,-2.138671875,0.7760009765625,20.6298828125,-169.61669921875,215.63720703125
-2.134765625,-2.1273193359375,0.7857666015625,17.15087890625,-172.119140625,226.1962890625
-2.19921875,-2.0909423828125,0.7979736328125,11.41357421875,-175.4150390625,235.65673828125
-2.2574462890625,-2.0491943359375,0.83154296875,6.8359375,-179.13818359375,244.44580078125
-2.3505859375,-2.0006103515625,0.8746337890625,4.08935546875,-181.70166015625,252.38037109375
-2.4298095703125,-1.93310546875,0.919921875,5.31005859375,-183.4716796875,259.94873046875
-2.5191650390625,-1.8792724609375,0.9659423828125,11.3525390625,-183.65478515625,266.66259765625
-2.5721435546875,-1.8408203125,0.994384765625,20.6298828125,-182.92236328125,272.52197265625
-2.600830078125,-1.806884765625,0.9954833984375,30.3955078125,-182.18994140625,277.4658203125
-2.6038818359375,-1.77783203125,0.9774169921875,39.97802734375,-181.94580078125,281.55517578125
-2.5953369140625,-1.7694091796875,0.9658203125,48.64501953125,-182.0068359375,285.70556640625
-2.603515625,-1.767333984375,0.9952392578125,54.50439453125,-182.55615234375,289.4287109375
-2.661376953125,-1.74609375,1.03271484375,58.89892578125,-181.82373046875,292.6025390625
-2.6729736328125,-1.71630859375,1.059814453125,63.78173828125,-179.5654296875,295.71533203125
-2.6629638671875,-1.675048828125,1.0667724609375,70.25146484375,-176.20849609375,298.095703125
-2.6878662109375,-1.621337890625,1.0360107421875,79.2236328125,-172.91259765625,299.49951171875
-2.6990966796875,-1.5726318359375,0.963134765625,91.24755859375,-170.2880859375,299.8046875
-2.64794921875,-1.5196533203125,0.866455078125,105.77392578125,-169.73876953125,298.7060546875
-2.585693359375,-1.4849853515625,0.7806396484375,122.55859375,-171.875,296.56982421875
-2.541259765625,-1.4722900390625,0.7125244140625,139.16015625,-176.7578125,293.39599609375
-2.5311279296875,-1.4771728515625,0.6943359375,151.85546875,-183.04443359375,289.36767578125
-2.5421142578125,-1.477294921875,0.6939697265625,158.75244140625,-190.00244140625,284.24072265625
-2.5325927734375,-1.4686279296875,0.6834716796875,160.33935546875,-196.533203125,278.99169921875
-2.4722900390625,-1.4564208984375,0.6807861328125,156.73828125,-202.1484375,274.10888671875
-2.404296875,-1.4300537109375,0.684326171875,148.74267578125,-206.72607421875,269.59228515625
-2.3609619140625,-1.398193359375,0.6898193359375,137.75634765625,-210.44921875,265.7470703125
-2.313720703125,-1.368896484375,0.701171875,123.779296875,-212.58544921875,262.14599609375
-2.2398681640625,-1.3326416015625,0.717529296875,107.36083984375,-213.68408203125,258.4228515625
-2.159912109375,-1.292724609375,0.734619140625,90.51513671875,-213.43994140625,254.7607421875
-2.0955810546875,-1.242919921875,0.747802734375,74.27978515625,-211.60888671875,251.5869140625
-2.035888671875,-1.188232421875,0.756591796875,59.50927734375,-208.80126953125,248.71826171875
-1.9970703125,-1.1240234375,0.7545166015625,47.7294921875,-205.50537109375,246.4599609375
-1.9332275390625,-1.0584716796875,0.7462158203125,39.48974609375,-201.2939453125,244.44580078125
-1.825439453125,-0.9998779296875,0.7225341796875,35.09521484375,-197.1435546875,242.3095703125
-1.732666015625,-0.9534912109375,0.6954345703125,33.5693359375,-193.17626953125,239.74609375
-1.6759033203125,-0.91943359375,0.6727294921875,34.36279296875,-189.453125,236.63330078125
-1.600341796875,-0.895751953125,0.6614990234375,36.62109375,-186.58447265625,232.84912109375
-1.5079345703125,-0.8802490234375,0.6612548828125,39.6728515625,-184.38720703125,228.45458984375
-1.4228515625,-0.8736572265625,0.6890869140625,42.78564453125,-181.884765625,223.93798828125
-1.338623046875,-0.8740234375,0.73779296875,45.166015625,-179.3212890625,219.29931640625
-1.27099609375,-0.8701171875,0.786865234375,45.166015625,-175.72021484375,214.84375
-1.2030029296875,-0.8492431640625,0.820068359375,41.8701171875,-170.654296875,210.9375
-1.1365966796875,-0.813720703125,0.84228515625,36.1328125,-164.794921875,206.84814453125
-1.0447998046875,-0.7593994140625,0.8505859375,28.4423828125,-158.50830078125,202.94189453125
-1.0213623046875,-0.7120361328125,0.8421630859375,20.8740234375,-151.55029296875,199.3408203125
-0.9693603515625,-0.651611328125,0.8121337890625,15.625,-144.71435546875,195.98388671875
-0.8907470703125,-0.5980224609375,0.77001953125,14.46533203125,-138.12255859375,192.68798828125
-0.7957763671875,-0.5667724609375,0.7374267578125,17.51708984375,-132.62939453125,189.51416015625
-0.7254638671875,-0.544677734375,0.723876953125,22.8271484375,-128.47900390625,186.09619140625
-0.685302734375,-0.5301513671875,0.7200927734375,28.74755859375,-124.8779296875,181.82373046875
-0.66015625,-0.526123046875,0.732666015625,33.69140625,-121.09375,177.30712890625
-0.60400390625,-0.5172119140625,0.7572021484375,36.7431640625,-117.61474609375,172.54638671875
-0.5635986328125,-0.4984130859375,0.779296875,37.78076171875,-113.525390625,167.78564453125
-0.512939453125,-0.473876953125,0.8028564453125,37.53662109375,-108.88671875,163.63525390625
-0.4747314453125,-0.4432373046875,0.8133544921875,36.31591796875,-103.8818359375,159.85107421875
-0.4407958984375,-0.404296875,0.8095703125,35.0341796875,-98.7548828125,156.005859375
-0.4041748046875,-0.3592529296875,0.7908935546875,34.36279296875,-93.68896484375,152.2216796875
-0.363037109375,-0.317626953125,0.7569580078125,35.0341796875,-89.111328125,148.8037109375
-0.3028564453125,-0.2943115234375,0.725830078125,36.80419921875,-85.205078125,145.69091796875
-0.225830078125,-0.28271484375,0.7313232421875,38.87939453125,-81.97021484375,142.2119140625
-0.183349609375,-0.2708740234375,0.75244140625,40.34423828125,-79.40673828125,138.24462890625
-0.166748046875,-0.2562255859375,0.774658203125,40.6494140625,-76.0498046875,133.9111328125
-0.13720703125,-0.2318115234375,0.7998046875,40.58837890625,-72.08251953125,129.69970703125
-0.1064453125,-0.2044677734375,0.8092041015625,40.771484375,-67.68798828125,125.79345703125
-0.0655517578125,-0.169189453125,0.802978515625,40.95458984375,-63.04931640625,122.0703125
-0.0224609375,-0.1368408203125,0.7913818359375,41.07666015625,-58.7158203125,118.5302734375
0.02294921875,-0.107666015625,0.786865234375,40.34423828125,-55.17578125,114.74609375
0.0546875,-0.075439453125,0.7833251953125,38.87939453125,-52.30712890625,110.53466796875
0.07763671875,-0.048828125,0.797607421875,36.376953125,-50.048828125,105.5908203125
0.0989990234375,-0.0294189453125,0.82666015625,33.203125,-47.607421875,100.7080078125
0.103515625,-0.012939453125,0.8575439453125,29.9072265625,-44.73876953125,95.27587890625
0.1099853515625,0.00244140625,0.864990234375,26.18408203125,-41.56494140625,89.84375
0.1463623046875,0.0191650390625,0.8681640625,22.76611328125,-37.841796875,84.5947265625
0.2088623046875,0.0384521484375,0.8724365234375,19.6533203125,-34.24072265625,78.9794921875
0.2401123046875,0.0511474609375,0.85546875,16.7236328125,-30.82275390625,73.79150390625
0.2630615234375,0.060302734375,0.84716796875,13.97705078125,-27.64892578125,68.54248046875
0.281005859375,0.0775146484375,0.861083984375,11.77978515625,-25.32958984375,63.1103515625
0.3070068359375,0.097412109375,0.877685546875,10.55908203125,-22.76611328125,57.373046875
0.327392578125,0.1077880859375,0.8887939453125,9.8876953125,-20.1416015625,51.7578125
0.3531494140625,0.1240234375,0.900146484375,9.33837890625,-17.4560546875,46.44775390625
0.357666015625,0.1358642578125,0.8948974609375,9.1552734375,-14.5263671875,40.95458984375
0.3642578125,0.145263671875,0.865966796875,9.033203125,-11.71875,35.58349609375
0.3995361328125,0.1573486328125,0.8603515625,9.46044921875,-9.58251953125,29.96826171875
0.4503173828125,0.1558837890625,0.88330078125,9.94873046875,-8.11767578125,24.35302734375
0.4886474609375,0.15087890625,0.920166015625,9.94873046875,-6.16455078125,19.04296875
0.4967041015625,0.1429443359375,0.949951171875,8.7890625,-3.35693359375,13.916015625
0.4990234375,0.140625,0.957275390625,6.2255859375,0.1220703125,8.85009765625
0.4901123046875,0.152587890625,0.9420166015625,3.173828125,4.08935546875,3.35693359375
0.471923828125,0.1697998046875,0.8984375,1.0986328125,7.87353515625,-2.50244140625
0.4708251953125,0.181640625,0.8450927734375,0.6103515625,11.1083984375,-7.568359375
0.4759521484375,0.1884765625,0.8035888671875,2.13623046875,13.00048828125,-13.00048828125
0.4913330078125,0.1839599609375,0.778564453125,4.638671875,14.09912109375,-18.12744140625
0.5343017578125,0.1666259765625,0.7880859375,7.080078125,14.70947265625,-22.88818359375
0.558837890625,0.1453857421875,0.800048828125,7.6904296875,15.2587890625,-27.099609375
0.5631103515625,0.11962890625,0.813232421875,5.7373046875,16.66259765625,-31.06689453125
0.5574951171875,0.086669921875,0.8265380859375,0.9765625,18.73779296875,-35.2783203125
0.521240234375,0.0623779296875,0.8367919921875,-6.591796875,21.1181640625,-40.0390625
0.4849853515625,0.0472412109375,0.84130859375,-15.19775390625,23.5595703125,-45.166015625
0.4759521484375,0.0355224609375,0.833251953125,-23.01025390625,26.30615234375,-49.86572265625
0.491943359375,0.0325927734375,0.8199462890625,-29.84619140625,28.99169921875,-54.13818359375
0.513671875,0.03125,0.800048828125,-35.58349609375,31.55517578125,-57.9833984375
0.523193359375,0.035400390625,0.770751953125,-40.10009765625,33.8134765625,-61.767578125
0.5150146484375,0.041748046875,0.7362060546875,-43.27392578125,35.70556640625,-65.673828125
0.49755859375,0.0472412109375,0.70068359375,-45.2880859375,37.04833984375,-69.7021484375
0.474365234375,0.0338134765625,0.679931640625,-46.44775390625,37.90283203125,-73.79150390625
0.427734375,0.02392578125,0.6700439453125,-46.7529296875,38.2080078125,-78.7353515625
0.382080078125,0.017333984375,0.673828125,-45.8984375,38.6962890625,-83.8623046875
0.351806640625,0.0089111328125,0.6656494140625,-43.0908203125,39.48974609375,-88.56201171875
0.3272705078125,-0.001220703125,0.6470947265625,-38.75732421875,40.83251953125,-92.46826171875
0.31494140625,-0.015380859375,0.62451171875,-34.0576171875,41.9921875,-96.0693359375
0.3265380859375,-0.0394287109375,0.603515625,-29.60205078125,42.54150390625,-99.18212890625
-1.6363525390625,-2.3299560546875,0.2254638671875,92.95654296875,-226.74560546875,66.40625
-1.673828125,-2.343994140625,0.2572021484375,88.9892578125,-233.45947265625,72.93701171875
-1.7459716796875,-2.3353271484375,0.29736328125,82.82470703125,-239.990234375,80.13916015625
-1.816162109375,-2.31201171875,0.3365478515625,75.439453125,-245.17822265625,87.890625
-1.8896484375,-2.2967529296875,0.3653564453125,66.71142578125,-248.96240234375,95.64208984375
-1.9364013671875,-2.2947998046875,0.3876953125,56.5185546875,-252.25830078125,103.1494140625
-1.9979248046875,-2.29541015625,0.3994140625,44.0673828125,-255.4931640625,110.29052734375
-2.033447265625,-2.2908935546875,0.4088134765625,30.1513671875,-257.8125,117.98095703125
-2.0745849609375,-2.3082275390625,0.45654296875,15.80810546875,-260.55908203125,126.52587890625
-2.16650390625,-2.3033447265625,0.5194091796875,1.0986328125,-262.51220703125,135.80322265625
-2.24658203125,-2.247314453125,0.589111328125,-12.6953125,-263.12255859375,145.263671875
-2.2720947265625,-2.170654296875,0.6490478515625,-21.05712890625,-261.77978515625,155.1513671875
-2.2742919921875,-2.08837890625,0.698974609375,-21.6064453125,-259.033203125,165.58837890625
-2.2774658203125,-2.0042724609375,0.73291015625,-15.7470703125,-255.9814453125,175.6591796875
-2.2618408203125,-1.923583984375,0.7481689453125,-4.57763671875,-252.685546875,184.75341796875
-2.22607421875,-1.84228515625,0.7406005859375,9.70458984375,-249.81689453125,192.32177734375
-2.2176513671875,-1.7646484375,0.717529296875,25.5126953125,-247.55859375,198.30322265625
-2.1806640625,-1.6993408203125,0.6861572265625,40.83251953125,-246.4599609375,201.84326171875
-2.124267578125,-1.6436767578125,0.664306640625,54.13818359375,-246.2158203125,203.18603515625
-2.1060791015625,-1.596435546875,0.6500244140625,64.3310546875,-246.7041015625,202.81982421875
-2.093017578125,-1.559326171875,0.63525390625,71.77734375,-246.64306640625,201.11083984375
-2.07421875,-1.5201416015625,0.6181640625,77.392578125,-246.337890625,198.486328125
-2.04443359375,-1.4765625,0.585693359375,82.09228515625,-245.7275390625,195.61767578125
-1.9964599609375,-1.4332275390625,0.53955078125,87.95166015625,-244.93408203125,192.626953125
-1.936767578125,-1.3848876953125,0.488037109375,95.703125,-244.93408203125,189.27001953125
-1.9007568359375,-1.3326416015625,0.43994140625,105.46875,-245.66650390625,185.302734375
-1.87353515625,-1.298095703125,0.39306640625,117.24853515625,-247.00927734375,179.87060546875
-1.8343505859375,-1.270751953125,0.35205078125,129.8828125,-249.51171875,173.88916015625
-1.80029296875,-1.239990234375,0.32275390625,141.4794921875,-253.0517578125,166.748046875
-1.7611083984375,-1.22265625,0.30859375,153.076171875,-257.080078125,158.87451171875
-1.7208251953125,-1.2105712890625,0.30126953125,163.330078125,-260.6201171875,150.634765625
-1.7008056640625,-1.212646484375,0.2978515625,171.81396484375,-263.36669921875,142.15087890625
-1.6790771484375,-1.2314453125,0.2958984375,178.64990234375,-265.5029296875,134.27734375
-1.6668701171875,-1.25341796875,0.288330078125,183.41064453125,-266.6015625,127.25830078125
-1.660400390625,-1.2779541015625,0.27197265625,185.60791015625,-266.54052734375,121.2158203125
-1.6148681640625,-1.3082275390625,0.24658203125,184.9365234375,-265.93017578125,116.14990234375
-1.5560302734375,-1.3419189453125,0.23193359375,180.35888671875,-265.2587890625,111.81640625
-1.52734375,-1.3759765625,0.219482421875,169.86083984375,-264.892578125,108.33740234375
-1.501953125,-1.4022216796875,0.2159423828125,153.86962890625,-263.24462890625,105.95703125
-1.4613037109375,-1.4156494140625,0.2235107421875,133.48388671875,-261.41357421875,104.4921875
-1.416748046875,-1.4110107421875,0.241943359375,110.2294921875,-259.21630859375,103.759765625
-1.406005859375,-1.390380859375,0.261474609375,87.21923828125,-256.103515625,104.06494140625
-1.3958740234375,-1.361083984375,0.2747802734375,66.162109375,-252.01416015625,105.5908203125
-1.3428955078125,-1.3385009765625,0.2744140625,48.4619140625,-247.4365234375,107.97119140625
-1.25439453125,-1.3135986328125,0.2701416015625,33.50830078125,-243.1640625,111.083984375
-1.1904296875,-1.2886962890625,0.27490234375,21.484375,-239.56298828125,114.44091796875
-1.1595458984375,-1.259521484375,0.303466796875,11.962890625,-236.14501953125,117.73681640625
-1.1226806640625,-1.228271484375,0.3494873046875,5.18798828125,-232.5439453125,120.66650390625
-1.09423828125,-1.1990966796875,0.393798828125,0.732421875,-227.783203125,123.291015625
-1.0577392578125,-1.16162109375,0.4405517578125,-1.03759765625,-222.22900390625,125.91552734375
-0.9893798828125,-1.108642578125,0.4866943359375,0.79345703125,-216.064453125,127.9296875
-0.9197998046875,-1.0543212890625,0.5234375,7.4462890625,-209.5947265625,129.94384765625
-0.8551025390625,-1.00341796875,0.5587158203125,18.37158203125,-203.2470703125,131.40869140625
-0.7998046875,-0.9580078125,0.5888671875,31.79931640625,-197.1435546875,132.32421875
-0.7396240234375,-0.9293212890625,0.619873046875,45.59326171875,-190.673828125,132.4462890625
-0.67138671875,-0.8992919921875,0.648681640625,57.4951171875,-184.9365234375,131.34765625
-0.6240234375,-0.861572265625,0.6773681640625,67.19970703125,-179.50439453125,129.57763671875
-0.5704345703125,-0.82275390625,0.6903076171875,76.11083984375,-173.88916015625,127.197265625
-0.5052490234375,-0.787353515625,0.6820068359375,84.1064453125,-168.39599609375,124.69482421875
-0.4678955078125,-0.7637939453125,0.6634521484375,90.2099609375,-163.14697265625,122.0703125
-0.4444580078125,-0.75927734375,0.6448974609375,93.017578125,-158.935546875,119.32373046875
-0.405029296875,-0.7584228515625,0.64892578125,91.61376953125,-156.18896484375,115.90576171875
-0.37744140625,-0.73828125,0.6654052734375,87.09716796875,-154.47998046875,112.12158203125
-0.341796875,-0.70068359375,0.7000732421875,80.87158203125,-153.4423828125,107.91015625
-0.298583984375,-0.664306640625,0.746337890625,74.89013671875,-151.2451171875,104.6142578125
-0.2484130859375,-0.6331787109375,0.7880859375,70.4345703125,-147.4609375,102.9052734375
-0.19287109375,-0.5972900390625,0.8167724609375,66.34521484375,-142.88330078125,101.07421875
-0.1544189453125,-0.5546875,0.819091796875,62.3779296875,-137.8173828125,99.609375
-0.1170654296875,-0.506591796875,0.7989501953125,58.10546875,-132.8125,98.32763671875
0.0059814453125,-0.3988037109375,0.7830810546875,40.4052734375,-121.88720703125,92.1630859375
0.05029296875,-0.3504638671875,0.834228515625,32.77587890625,-119.32373046875,89.17236328125
0.0904541015625,-0.3065185546875,0.89306640625,26.3671875,-115.8447265625,85.9375
0.1121826171875,-0.2713623046875,0.944580078125,21.78955078125,-111.328125,82.763671875
0.1124267578125,-0.2021484375,0.9815673828125,18.98193359375,-105.52978515625,78.91845703125
0.2509765625,-0.1524658203125,1.0013427734375,19.53125,-99.2431640625,74.64599609375
0.2791748046875,-0.1553955078125,0.979248046875,22.03369140625,-92.8955078125,71.83837890625
0.2974853515625,-0.143798828125,1.0003662109375,24.84130859375,-87.58544921875,68.78662109375
0.2840576171875,-0.147705078125,1.0274658203125,26.3671875,-83.0078125,64.697265625
0.2969970703125,-0.1448974609375,1.05810546875,27.099609375,-78.2470703125,59.87548828125
0.352294921875,-0.1234130859375,1.1204833984375,28.4423828125,-72.75390625,55.17578125
0.4033203125,-0.120849609375,1.14697265625,30.33447265625,-65.85693359375,51.33056640625
0.43408203125,-0.1229248046875,1.144775390625,32.8369140625,-58.59375,47.8515625
0.4666748046875,-0.1181640625,1.1480712890625,35.15625,-51.513671875,44.3115234375
0.4923095703125,-0.116455078125,1.1348876953125,37.29248046875,-45.10498046875,40.71044921875
0.4893798828125,-0.1185302734375,1.093994140625,37.53662109375,-39.12353515625,37.353515625
0.4853515625,-0.1304931640625,1.074462890625,36.0107421875,-33.87451171875,33.935546875
0.4925537109375,-0.1309814453125,1.077392578125,33.0810546875,-29.60205078125,30.33447265625
0.495849609375,-0.1204833984375,1.07421875,28.74755859375,-25.7568359375,26.79443359375
0.4822998046875,-0.1046142578125,1.0654296875,24.5361328125,-21.66748046875,23.3154296875
0.468505859375,-0.0831298828125,1.0418701171875,21.3623046875,-17.822265625,19.83642578125
0.4688720703125,-0.0654296875,0.9984130859375,19.47021484375,-14.22119140625,16.357421875
0.4783935546875,-0.0496826171875,0.9554443359375,19.4091796875,-11.23046875,12.87841796875
0.508056640625,-0.045166015625,0.93603515625,20.32470703125,-9.21630859375,9.33837890625
0.5718994140625,-0.0478515625,0.956787109375,21.91162109375,-7.6904296875,5.18798828125
0.610107421875,-0.05615234375,0.9925537109375,23.01025390625,-5.43212890625,1.0986328125
0.61181640625,-0.0745849609375,1.0172119140625,22.216796875,-1.52587890625,-2.50244140625
0.6151123046875,-0.08642578125,1.015625,19.8974609375,3.35693359375,-5.67626953125
0.6075439453125,-0.0958251953125,0.9998779296875,16.845703125,8.544921875,-9.33837890625
0.5882568359375,-0.094482421875,0.9139404296875,11.04736328125,17.7001953125,-17.578125
0.5865478515625,-0.0986328125,0.8753662109375,9.3994140625,21.1181640625,-21.42333984375
0.5828857421875,-0.10546875,0.845947265625,7.9345703125,23.98681640625,-25.32958984375
0.572265625,-0.11767578125,0.8258056640625,6.2255859375,26.30615234375,-29.296875
0.5423583984375,-0.1282958984375,0.8065185546875,4.69970703125,28.4423828125,-33.0810546875
0.525390625,-0.142578125,0.7919921875,2.38037109375,31.005859375,-36.7431640625
0.5208740234375,-0.1595458984375,0.77783203125,-0.91552734375,33.3251953125,-40.34423828125
0.50146484375,-0.174560546875,0.7535400390625,-5.859375,36.1328125,-43.701171875
0.473876953125,-0.196044921875,0.736083984375,-12.02392578125,38.818359375,-46.81396484375
0.4444580078125,-0.2122802734375,0.7197265625,-19.287109375,41.07666015625,-50.23193359375
0.4202880859375,-0.2138671875,0.7066650390625,-27.099609375,43.15185546875,-53.955078125
0.4033203125,-0.20703125,0.6881103515625,-33.75244140625,45.10498046875,-57.7392578125
0.395751953125,-0.201416015625,0.6695556640625,-38.51318359375,47.2412109375,-61.03515625
0.3984375,-0.1998291015625,0.649169921875,-41.50390625,49.01123046875,-64.14794921875
0.4085693359375,-0.19970703125,0.626220703125,-43.27392578125,50.6591796875,-67.07763671875
0.4139404296875,-0.2021484375,0.605224609375,-45.0439453125,52.1240234375,-70.49560546875
0.4085693359375,-0.20703125,0.58544921875,-47.05810546875,53.466796875,-73.486328125
-1.7689208984375,-2.2889404296875,-0.1412353515625,80.6884765625,-230.8349609375,125.9765625
-1.9112548828125,-2.3221435546875,-0.0897216796875,67.87109375,-238.76953125,130.9814453125
-1.9937744140625,-2.3133544921875,-0.0325927734375,52.490234375,-245.1171875,137.0849609375
-2.0780029296875,-2.290283203125,0.02001953125,37.53662109375,-249.93896484375,144.287109375
-2.1424560546875,-2.2464599609375,0.046875,25.146484375,-253.11279296875,152.099609375
-2.1982421875,-2.18994140625,0.0377197265625,17.02880859375,-255.7373046875,160.400390625
-2.2470703125,-2.135498046875,0.0047607421875,13.671875,-259.09423828125,169.189453125
-2.2586669921875,-2.08642578125,-0.022705078125,13.85498046875,-263.671875,178.1005859375
-2.2840576171875,-2.055419921875,-0.030029296875,14.6484375,-269.6533203125,186.09619140625
-2.3394775390625,-2.0333251953125,-0.0032958984375,13.73291015625,-276.123046875,192.56591796875
-2.4088134765625,-2.02490234375,0.061767578125,10.92529296875,-282.04345703125,197.81494140625
-2.4884033203125,-1.9989013671875,0.124755859375,7.568359375,-286.2548828125,202.1484375
-2.535400390625,-1.9638671875,0.1737060546875,5.92041015625,-289.306640625,206.54296875
-2.550537109375,-1.93408203125,0.216064453125,6.65283203125,-290.83251953125,210.75439453125
-2.5706787109375,-1.8917236328125,0.2335205078125,8.85009765625,-291.748046875,214.53857421875
-2.562255859375,-1.8577880859375,0.2313232421875,12.20703125,-292.05322265625,218.07861328125
-2.5252685546875,-1.841796875,0.2449951171875,15.2587890625,-292.6025390625,220.88623046875
-2.5374755859375,-1.8106689453125,0.2740478515625,17.08984375,-292.90771484375,223.0224609375
-2.5416259765625,-1.7691650390625,0.3084716796875,18.37158203125,-292.3583984375,224.7314453125
-2.4815673828125,-1.7467041015625,0.3826904296875,20.263671875,-290.83251953125,225.7080078125
-2.4586181640625,-1.7391357421875,0.4979248046875,24.169921875,-287.109375,226.4404296875
-2.461181640625,-1.7152099609375,0.6170654296875,29.11376953125,-280.45654296875,227.4169921875
-2.4208984375,-1.6903076171875,0.7061767578125,34.72900390625,-271.42333984375,228.33251953125
-2.32568359375,-1.6484375,0.7337646484375,41.07666015625,-260.80322265625,229.248046875
-2.228515625,-1.583740234375,0.699951171875,47.8515625,-250.18310546875,229.98046875
-2.139404296875,-1.5135498046875,0.6361083984375,55.11474609375,-241.02783203125,230.52978515625
-2.0457763671875,-1.45361328125,0.583251953125,63.4765625,-234.7412109375,230.40771484375
-1.98828125,-1.392333984375,0.55078125,72.1435546875,-231.01806640625,229.4921875
-1.9454345703125,-1.3416748046875,0.546630859375,79.833984375,-228.94287109375,227.84423828125
-1.899658203125,-1.29638671875,0.549072265625,85.51025390625,-227.72216796875,224.9755859375
-1.86865234375,-1.25634765625,0.5689697265625,88.31787109375,-227.11181640625,221.00830078125
-1.8416748046875,-1.2181396484375,0.5916748046875,89.05029296875,-226.01318359375,216.73583984375
-1.759521484375,-1.1800537109375,0.5965576171875,88.68408203125,-224.91455078125,212.46337890625
-1.6544189453125,-1.1461181640625,0.6065673828125,87.158203125,-223.57177734375,208.49609375
-1.564453125,-1.12841796875,0.6287841796875,82.82470703125,-221.923828125,205.01708984375
-1.489013671875,-1.105712890625,0.6649169921875,75.68359375,-219.7265625,201.35498046875
-1.4219970703125,-1.0738525390625,0.709716796875,66.71142578125,-216.24755859375,198.05908203125
-1.3504638671875,-1.0377197265625,0.7593994140625,56.94580078125,-211.36474609375,195.12939453125
-1.2740478515625,-0.9854736328125,0.79833984375,48.33984375,-205.2001953125,192.32177734375
-1.189697265625,-0.9166259765625,0.8197021484375,41.748046875,-197.81494140625,189.94140625
-1.1478271484375,-0.85107421875,0.828369140625,37.841796875,-190.36865234375,187.68310546875
-1.1441650390625,-0.792236328125,0.8106689453125,35.82763671875,-183.41064453125,185.36376953125
-1.1114501953125,-0.7393798828125,0.7799072265625,35.09521484375,-176.8798828125,182.67822265625
-1.017822265625,-0.691650390625,0.7432861328125,35.400390625,-171.7529296875,179.8095703125
-0.9217529296875,-0.6732177734375,0.7154541015625,35.82763671875,-167.8466796875,177.1240234375
-0.84375,-0.6759033203125,0.7120361328125,33.99658203125,-164.97802734375,174.1943359375
-0.8092041015625,-0.6683349609375,0.7264404296875,29.541015625,-162.17041015625,171.08154296875
-0.77880859375,-0.6566162109375,0.7548828125,23.62060546875,-158.50830078125,168.02978515625
-0.7249755859375,-0.636962890625,0.7850341796875,17.333984375,-154.052734375,165.34423828125
-0.69091796875,-0.60791015625,0.814453125,11.90185546875,-148.86474609375,162.9638671875
-0.6639404296875,-0.5751953125,0.8367919921875,8.11767578125,-143.24951171875,161.2548828125
-0.6455078125,-0.5406494140625,0.842041015625,5.55419921875,-137.5732421875,159.7900390625
-0.628173828125,-0.5069580078125,0.828369140625,4.08935546875,-131.8359375,158.447265625
-0.5828857421875,-0.47021484375,0.80810546875,4.0283203125,-126.89208984375,156.982421875
-0.52392578125,-0.432373046875,0.7918701171875,4.69970703125,-122.55859375,155.6396484375
-0.477294921875,-0.416259765625,0.7900390625,5.43212890625,-118.7744140625,154.1748046875
-0.421630859375,-0.40625,0.82080078125,5.06591796875,-115.41748046875,152.2216796875
-0.4027099609375,-0.408447265625,0.8609619140625,2.5634765625,-111.6943359375,149.7802734375
-0.3397216796875,-0.385009765625,0.9095458984375,-2.9296875,-106.93359375,146.6064453125
-0.315185546875,-0.36181640625,0.933837890625,-10.009765625,-101.5625,143.24951171875
-0.2969970703125,-0.326416015625,0.952392578125,-16.90673828125,-95.458984375,140.44189453125
-0.283447265625,-0.283203125,0.96484375,-22.8271484375,-89.2333984375,137.51220703125
-0.281494140625,-0.2366943359375,0.951904296875,-26.79443359375,-83.3740234375,135.25390625
-0.2713623046875,-0.1868896484375,0.92822265625,-28.25927734375,-77.69775390625,133.36181640625
-0.2462158203125,-0.1455078125,0.9071044921875,-27.40478515625,-73.3642578125,131.34765625
-0.192138671875,-0.117919921875,0.8931884765625,-24.10888671875,-69.88525390625,129.45556640625
-0.1241455078125,-0.1046142578125,0.9013671875,-19.775390625,-67.07763671875,126.8310546875
-0.071533203125,-0.0916748046875,0.9327392578125,-15.2587890625,-64.14794921875,123.22998046875
-0.05517578125,-0.071533203125,0.9710693359375,-10.80322265625,-60.791015625,119.140625
-0.0675048828125,-0.03759765625,1.0072021484375,-5.43212890625,-56.7626953125,114.74609375
-0.0960693359375,0.0118408203125,1.042724609375,2.01416015625,-52.18505859375,110.29052734375
-0.1260986328125,0.0643310546875,1.0589599609375,12.20703125,-47.79052734375,106.26220703125
-0.1207275390625,0.11083984375,1.0745849609375,24.47509765625,-44.00634765625,102.4169921875
0.2349853515625,0.2108154296875,1.164794921875,52.978515625,-29.052734375,81.72607421875
0.238525390625,0.2198486328125,1.2083740234375,51.513671875,-24.0478515625,73.8525390625
0.243896484375,0.2469482421875,1.239013671875,49.74365234375,-17.9443359375,65.61279296875
0.2623291015625,0.2977294921875,1.2467041015625,50.1708984375,-11.71875,57.55615234375
0.28759765625,0.343505859375,1.2197265625,54.19921875,-6.103515625,50.048828125
0.3153076171875,0.3736572265625,1.1715087890625,61.58447265625,-1.708984375,43.45703125
0.338623046875,0.3865966796875,1.123291015625,71.044921875,1.40380859375,37.59765625
0.39111328125,0.3768310546875,1.09912109375,80.810546875,2.86865234375,32.04345703125
0.450439453125,0.3492431640625,1.120361328125,88.0126953125,3.23486328125,27.2216796875
0.4822998046875,0.3096923828125,1.1807861328125,90.9423828125,3.60107421875,22.52197265625
0.4561767578125,0.260498046875,1.2425537109375,88.0126953125,5.0048828125,17.9443359375
0.444091796875,0.2344970703125,1.284423828125,80.01708984375,7.9345703125,13.427734375
0.4610595703125,0.231201171875,1.2904052734375,68.84765625,11.90185546875,8.97216796875
0.474609375,0.2366943359375,1.2457275390625,57.31201171875,16.357421875,4.7607421875
0.486572265625,0.2474365234375,1.1790771484375,46.875,20.01953125,0.91552734375
0.492431640625,0.2552490234375,1.1060791015625,38.51318359375,22.52197265625,-2.44140625
0.5274658203125,0.246826171875,1.0582275390625,32.28759765625,23.37646484375,-5.06591796875
0.5709228515625,0.221435546875,1.0322265625,26.55029296875,23.25439453125,-6.89697265625
0.6063232421875,0.1876220703125,1.0357666015625,19.1650390625,22.8271484375,-8.36181640625
0.6024169921875,0.1444091796875,1.0447998046875,8.30078125,23.0712890625,-9.521484375
0.5758056640625,0.1142578125,1.0438232421875,-6.103515625,24.10888671875,-11.04736328125
0.5499267578125,0.1055908203125,1.0335693359375,-22.94921875,25.7568359375,-13.18359375
0.5281982421875,0.111572265625,1.009521484375,-40.1611328125,27.64892578125,-16.2353515625
0.525146484375,0.13037109375,0.9859619140625,-55.2978515625,29.96826171875,-19.287109375
0.5499267578125,0.1544189453125,0.963134765625,-67.0166015625,32.04345703125,-22.4609375
0.57080078125,0.180419921875,0.9310302734375,-74.951171875,34.5458984375,-25.87890625
0.5833740234375,0.20556640625,0.89453125,-79.77294921875,36.865234375,-29.60205078125
0.580810546875,0.222900390625,0.8505859375,-81.97021484375,39.00146484375,-34.1796875
0.5584716796875,0.233642578125,0.8001708984375,-81.97021484375,40.6494140625,-39.24560546875
0.536865234375,0.2335205078125,0.745361328125,-79.77294921875,41.80908203125,-44.61669921875
0.521484375,0.21875,0.6910400390625,-76.2939453125,41.93115234375,-50.048828125
0.5216064453125,0.1915283203125,0.6546630859375,-71.77734375,41.1376953125,-55.419921875
0.533203125,0.14990234375,0.647705078125,-67.2607421875,39.85595703125,-60.24169921875
0.513916015625,0.1124267578125,0.6541748046875,-63.17138671875,39.12353515625,-64.63623046875
0.473876953125,0.0867919921875,0.653076171875,-60.36376953125,38.9404296875,-68.90869140625
0.4434814453125,0.072265625,0.648193359375,-57.2509765625,39.48974609375,-72.57080078125
0.42919921875,0.0621337890625,0.637451171875,-54.01611328125,40.283203125,-75.74462890625
0.4161376953125,0.05712890625,0.6190185546875,-49.62158203125,40.8935546875,-79.1015625
0.3797607421875,0.0574951171875,0.6004638671875,-44.3115234375,41.3818359375,-82.1533203125
0.338134765625,0.051025390625,0.571044921875,-37.841796875,41.56494140625,-85.14404296875
0.335205078125,0.0439453125,0.5478515625,-30.6396484375,41.56494140625,-87.82958984375
0.349365234375,0.03271484375,0.5240478515625,-23.3154296875,41.1376953125,-90.27099609375
0.3594970703125,0.0152587890625,0.498291015625,-17.27294921875,40.71044921875,-92.71240234375
-1.77490234375,-1.85888671875,0.487060546875,138.3056640625,-192.138671875,140.0146484375
-1.7958984375,-1.88818359375,0.4287109375,138.85498046875,-197.509765625,141.845703125
-1.80712890625,-1.8974609375,0.3699951171875,137.0849609375,-203.857421875,144.04296875
-1.83203125,-1.9041748046875,0.31640625,133.60595703125,-211.24267578125,146.54541015625
-1.871337890625,-1.915771484375,0.281005859375,127.86865234375,-219.23828125,149.4140625
-1.9173583984375,-1.9205322265625,0.2637939453125,119.56787109375,-227.6611328125,152.4658203125
-1.9754638671875,-1.906982421875,0.26318359375,109.06982421875,-236.2060546875,155.57861328125
-2.0374755859375,-1.87744140625,0.2724609375,98.5107421875,-244.07958984375,158.447265625
-2.1041259765625,-1.850341796875,0.2880859375,89.7216796875,-251.15966796875,161.2548828125
-2.171875,-1.84228515625,0.3101806640625,84.28955078125,-257.38525390625,163.6962890625
-2.244384765625,-1.857666015625,0.3367919921875,82.275390625,-262.87841796875,165.6494140625
-2.3489990234375,-1.93505859375,0.3433837890625,79.28466796875,-271.97265625,168.64013671875
-2.3641357421875,-1.9727783203125,0.3507080078125,75.13427734375,-275.69580078125,170.22705078125
-2.3955078125,-1.9989013671875,0.369140625,69.4580078125,-278.80859375,172.36328125
-2.4268798828125,-2.002685546875,0.3824462890625,63.17138671875,-281.1279296875,175.23193359375
-2.4381103515625,-1.999755859375,0.39306640625,57.4951171875,-282.71484375,178.8330078125
-2.447021484375,-1.9891357421875,0.4033203125,52.91748046875,-283.75244140625,183.04443359375
-2.4454345703125,-1.9715576171875,0.4046630859375,48.7060546875,-283.87451171875,187.6220703125
-2.453369140625,-1.9503173828125,0.4114990234375,45.95947265625,-283.69140625,192.2607421875
-2.4449462890625,-1.9383544921875,0.418701171875,45.166015625,-283.50830078125,196.533203125
-2.423095703125,-1.9190673828125,0.4276123046875,45.166015625,-283.3251953125,200.62255859375
-2.40380859375,-1.890869140625,0.4515380859375,45.34912109375,-282.470703125,204.16259765625
-2.384033203125,-1.84912109375,0.486572265625,46.7529296875,-281.06689453125,206.84814453125
-2.3587646484375,-1.796142578125,0.5133056640625,49.74365234375,-278.80859375,208.80126953125
-2.3228759765625,-1.7333984375,0.53515625,55.17578125,-275.7568359375,210.14404296875
-2.29443359375,-1.6849365234375,0.545166015625,64.14794921875,-271.78955078125,210.51025390625
-2.241943359375,-1.6680908203125,0.5269775390625,74.0966796875,-268.37158203125,210.3271484375
-2.1441650390625,-1.6484375,0.4886474609375,81.4208984375,-265.31982421875,209.77783203125
-2.056884765625,-1.6353759765625,0.46044921875,83.3740234375,-263.0615234375,208.8623046875
-1.9989013671875,-1.6368408203125,0.4573974609375,79.9560546875,-261.77978515625,207.51953125
-1.958740234375,-1.619384765625,0.470947265625,72.021484375,-259.94873046875,206.60400390625
-1.935302734375,-1.5850830078125,0.48095703125,61.03515625,-257.50732421875,206.35986328125
-1.9051513671875,-1.544921875,0.4896240234375,49.01123046875,-253.90625,207.21435546875
-1.8565673828125,-1.4947509765625,0.4937744140625,37.353515625,-249.81689453125,208.55712890625
-1.80810546875,-1.4256591796875,0.49072265625,26.79443359375,-245.17822265625,210.02197265625
-1.764892578125,-1.3489990234375,0.4793701171875,18.73779296875,-240.29541015625,211.42578125
-1.7003173828125,-1.2845458984375,0.4693603515625,14.22119140625,-235.65673828125,212.7685546875
-1.608642578125,-1.2327880859375,0.4798583984375,12.63427734375,-231.62841796875,213.623046875
-1.5523681640625,-1.183349609375,0.5009765625,12.5732421875,-227.72216796875,214.35546875
-1.5126953125,-1.1287841796875,0.5306396484375,13.61083984375,-223.32763671875,214.29443359375
-1.454833984375,-1.078369140625,0.575439453125,15.5029296875,-217.8955078125,213.37890625
-1.394775390625,-1.019287109375,0.6270751953125,18.1884765625,-211.73095703125,211.7919921875
-1.35546875,-0.9625244140625,0.6702880859375,22.5830078125,-204.345703125,209.89990234375
-1.318603515625,-0.899658203125,0.6934814453125,27.9541015625,-196.10595703125,207.94677734375
-1.2635498046875,-0.841552734375,0.7054443359375,33.203125,-187.80517578125,205.9326171875
-1.1781005859375,-0.7896728515625,0.696044921875,37.9638671875,-180.11474609375,203.61328125
-1.08544921875,-0.7503662109375,0.6773681640625,41.3818359375,-173.4619140625,201.171875
-1.0186767578125,-0.719970703125,0.671630859375,42.724609375,-167.78564453125,198.2421875
-0.9620361328125,-0.6881103515625,0.685302734375,42.29736328125,-163.4521484375,194.580078125
-0.9110107421875,-0.6444091796875,0.7093505859375,41.748046875,-159.3017578125,190.4296875
-0.8714599609375,-0.6011962890625,0.7388916015625,41.8701171875,-154.9072265625,186.4013671875
-0.8446044921875,-0.561767578125,0.7664794921875,42.54150390625,-150.2685546875,182.67822265625
-0.81689453125,-0.52001953125,0.7821044921875,42.48046875,-145.263671875,178.955078125
-0.7747802734375,-0.4791259765625,0.785400390625,41.259765625,-140.13671875,175.6591796875
-0.73046875,-0.444091796875,0.7896728515625,38.26904296875,-135.31494140625,172.607421875
-0.690185546875,-0.4189453125,0.7930908203125,33.3251953125,-130.92041015625,169.73876953125
-0.65771484375,-0.39306640625,0.798583984375,25.93994140625,-126.64794921875,167.1142578125
-0.6341552734375,-0.365234375,0.8106689453125,15.869140625,-122.25341796875,164.48974609375
-0.609619140625,-0.3389892578125,0.825439453125,4.0283203125,-117.00439453125,161.865234375
-0.5804443359375,-0.3101806640625,0.8570556640625,-9.1552734375,-111.26708984375,158.99658203125
-0.541259765625,-0.273193359375,0.875244140625,-22.15576171875,-104.79736328125,155.8837890625
-0.49267578125,-0.21875,0.8790283203125,-33.8134765625,-97.10693359375,152.89306640625
-0.448486328125,-0.1533203125,0.8729248046875,-42.29736328125,-89.29443359375,150.2685546875
-0.40625,-0.0888671875,0.855712890625,-46.9970703125,-82.09228515625,148.0712890625
-0.3634033203125,-0.0302734375,0.8299560546875,-48.27880859375,-75.13427734375,145.81298828125
-0.326904296875,0.0220947265625,0.823974609375,-47.54638671875,-68.84765625,143.1884765625
-0.2808837890625,0.0657958984375,0.822998046875,-45.654296875,-63.3544921875,140.07568359375
-0.202392578125,0.1153564453125,0.83349609375,-43.51806640625,-58.89892578125,136.04736328125
-0.184326171875,0.1181640625,0.8394775390625,-41.32080078125,-54.931640625,130.55419921875
-0.1259765625,0.1400146484375,0.853759765625,-38.330078125,-51.7578125,124.93896484375
-0.0782470703125,0.1678466796875,0.8348388671875,-34.423828125,-49.86572265625,121.64306640625
-0.090087890625,0.18115234375,0.8643798828125,-27.83203125,-48.03466796875,119.5068359375
-0.1102294921875,0.192626953125,0.86669921875,-19.1650390625,-46.9970703125,117.1875
-0.0970458984375,0.192138671875,0.846923828125,-9.58251953125,-46.44775390625,114.501953125
-0.0675048828125,0.1983642578125,0.8397216796875,0.79345703125,-46.81396484375,111.51123046875
0.003173828125,0.2125244140625,0.8419189453125,10.7421875,-47.4853515625,107.421875
0.116455078125,0.2139892578125,0.8409423828125,19.71435546875,-49.01123046875,102.294921875
0.204345703125,0.2183837890625,0.872802734375,27.099609375,-50.537109375,96.49658203125
0.2001953125,0.2191162109375,0.915283203125,32.77587890625,-51.33056640625,90.2099609375
0.191162109375,0.214599609375,0.9552001953125,37.841796875,-51.7578125,84.16748046875
0.1912841796875,0.217529296875,0.982177734375,41.68701171875,-51.57470703125,78.61328125
0.2135009765625,0.2301025390625,0.996826171875,44.3115234375,-51.025390625,72.81494140625
0.2425537109375,0.236572265625,0.9954833984375,46.0205078125,-50.537109375,67.07763671875
0.27294921875,0.2293701171875,0.9730224609375,46.56982421875,-50.1708984375,61.82861328125
0.360107421875,0.2359619140625,0.9796142578125,45.5322265625,-50.23193359375,56.57958984375
0.409912109375,0.238037109375,1.0015869140625,42.96875,-50.6591796875,51.20849609375
0.38427734375,0.2325439453125,1.0185546875,38.9404296875,-50.1708984375,45.83740234375
0.3927001953125,0.236572265625,1.0360107421875,34.66796875,-48.9501953125,40.52734375
0.40234375,0.249267578125,1.029052734375,29.60205078125,-47.66845703125,35.82763671875
0.4117431640625,0.2559814453125,1.0020751953125,24.71923828125,-45.83740234375,31.494140625
0.44140625,0.25732421875,0.988525390625,18.85986328125,-45.0439453125,27.52685546875
0.462890625,0.261474609375,0.9893798828125,12.51220703125,-44.921875,23.8037109375
0.585693359375,0.5843505859375,1.0706787109375,5.859375,-45.10498046875,19.59228515625
0.9208984375,1.7498779296875,1.2767333984375,8.544921875,-44.7998046875,13.61083984375
0.6280517578125,2.2379150390625,1.4498291015625,34.36279296875,-42.29736328125,-2.197265625
0.5184326171875,1.603271484375,1.5250244140625,78.55224609375,-38.02490234375,-28.99169921875
0.28466796875,1.6373291015625,1.4779052734375,111.02294921875,-29.4189453125,-41.015625
0.299072265625,0.7060546875,1.28515625,127.8076171875,-21.8505859375,-64.697265625
0.3570556640625,0.0777587890625,1.232421875,120.4833984375,-14.5263671875,-78.79638671875
0.354736328125,-0.2327880859375,1.2479248046875,103.02734375,-6.04248046875,-81.48193359375
0.367919921875,-0.2806396484375,1.078369140625,75.74462890625,0.91552734375,-76.66015625
0.2979736328125,-0.2774658203125,1.025390625,40.52734375,5.7373046875,-71.77734375
0.2474365234375,-0.255615234375,1.0640869140625,4.8828125,9.70458984375,-69.82421875
0.274169921875,-0.2481689453125,0.9532470703125,-24.90234375,12.26806640625,-68.84765625
0.3316650390625,-0.20849609375,0.9063720703125,-47.8515625,13.36669921875,-67.138671875
0.36181640625,-0.166015625,0.968017578125,-63.96484375,14.09912109375,-65.91796875
0.35986328125,-0.1524658203125,0.9149169921875,-74.40185546875,14.16015625,-65.673828125
0.325439453125,-0.0936279296875,0.8671875,-79.58984375,14.09912109375,-65.85693359375
0.325927734375,-0.0396728515625,0.85009765625,-73.6083984375,14.09912109375,-68.42041015625
0.3072509765625,0.0003662109375,0.793212890625,-64.63623046875,13.36669921875,-70.00732421875
0.3233642578125,0.030029296875,0.7913818359375,-52.3681640625,12.451171875,-71.83837890625
0.3746337890625,0.0140380859375,0.79052734375,-39.24560546875,10.92529296875,-73.66943359375
0.3680419921875,0.0155029296875,0.7894287109375,-26.30615234375,9.3994140625,-75.62255859375
0.352294921875,0.0146484375,0.8106689453125,-14.404296875,8.11767578125,-78.369140625
0.350341796875,-0.009033203125,0.82958984375,-4.21142578125,7.38525390625,-81.60400390625
-1.3531494140625,-1.7576904296875,1.0850830078125,81.298828125,-160.5224609375,167.41943359375
-1.3916015625,-1.774169921875,1.0985107421875,89.7216796875,-161.07177734375,173.9501953125
-1.39208984375,-1.76806640625,1.082763671875,94.42138671875,-161.92626953125,180.2978515625
-1.4012451171875,-1.7559814453125,1.047119140625,96.923828125,-162.9638671875,186.70654296875
-1.396240234375,-1.73095703125,0.997802734375,97.96142578125,-165.0390625,193.05419921875
-1.39501953125,-1.7032470703125,0.9532470703125,99.12109375,-168.701171875,199.21875
-1.428955078125,-1.6864013671875,0.914306640625,100.89111328125,-173.33984375,205.13916015625
-1.456787109375,-1.675048828125,0.865478515625,102.1728515625,-179.26025390625,211.181640625
-1.4764404296875,-1.6785888671875,0.8446044921875,100.5859375,-186.4013671875,217.1630859375
-1.5501708984375,-1.685546875,0.854736328125,95.0927734375,-193.9697265625,222.412109375
-1.6383056640625,-1.676025390625,0.876708984375,85.75439453125,-201.0498046875,226.9287109375
-1.7059326171875,-1.64453125,0.894287109375,74.52392578125,-206.9091796875,231.14013671875
-1.7652587890625,-1.614990234375,0.926513671875,65.91796875,-211.85302734375,234.80224609375
-1.8455810546875,-1.598876953125,0.972900390625,60.72998046875,-215.75927734375,237.85400390625
-1.9232177734375,-1.5845947265625,1.008544921875,58.53271484375,-218.44482421875,240.234375
-1.97607421875,-1.577392578125,1.0394287109375,59.326171875,-220.15380859375,241.943359375
-2.0015869140625,-1.5848388671875,1.054931640625,62.255859375,-221.13037109375,243.0419921875
-2.0035400390625,-1.60693359375,1.0958251953125,65.7958984375,-221.86279296875,243.83544921875
-2.0767822265625,-1.634765625,1.1376953125,68.66455078125,-221.61865234375,244.07958984375
-2.09716796875,-1.653564453125,1.175537109375,71.044921875,-220.0927734375,243.896484375
-2.10546875,-1.660888671875,1.2186279296875,74.64599609375,-217.6513671875,243.46923828125
-2.1357421875,-1.6624755859375,1.247802734375,80.56640625,-213.43994140625,243.2861328125
-2.1346435546875,-1.6497802734375,1.248291015625,88.5009765625,-208.55712890625,242.98095703125
-2.1112060546875,-1.6239013671875,1.2186279296875,98.32763671875,-203.61328125,242.24853515625
-2.0604248046875,-1.6148681640625,1.1856689453125,109.86328125,-198.974609375,241.02783203125
-2.0333251953125,-1.6273193359375,1.1568603515625,120.60546875,-195.4345703125,238.8916015625
-2.012451171875,-1.6337890625,1.12060546875,128.662109375,-192.56591796875,236.4501953125
-1.9510498046875,-1.629638671875,1.10791015625,134.46044921875,-190.4296875,233.21533203125
-1.9483642578125,-1.6129150390625,1.0975341796875,140.93017578125,-188.5986328125,229.736328125
-1.9500732421875,-1.59521484375,1.0758056640625,149.90234375,-186.6455078125,226.318359375
-1.88623046875,-1.5869140625,1.02783203125,160.5224609375,-184.5703125,222.7783203125
-1.8389892578125,-1.5814208984375,0.962890625,171.38671875,-183.10546875,218.6279296875
-1.8250732421875,-1.555419921875,0.878173828125,181.640625,-182.67822265625,213.68408203125
-1.7431640625,-1.5462646484375,0.79931640625,192.81005859375,-183.28857421875,208.49609375
-1.6607666015625,-1.567138671875,0.7431640625,203.9794921875,-184.9365234375,203.4912109375
-1.620361328125,-1.5948486328125,0.7015380859375,210.26611328125,-186.767578125,198.79150390625
-1.607421875,-1.6058349609375,0.6710205078125,210.38818359375,-188.1103515625,194.15283203125
-1.5841064453125,-1.611328125,0.631103515625,205.4443359375,-188.04931640625,189.697265625
-1.5264892578125,-1.6016845703125,0.57666015625,196.35009765625,-187.56103515625,186.03515625
-1.471923828125,-1.5784912109375,0.5135498046875,182.7392578125,-186.5234375,183.16650390625
-1.4351806640625,-1.5340576171875,0.448486328125,165.58837890625,-185.36376953125,180.5419921875
-1.3856201171875,-1.4757080078125,0.37939453125,146.78955078125,-184.326171875,178.03955078125
-1.32080078125,-1.431884765625,0.3355712890625,128.2958984375,-183.9599609375,175.6591796875
-1.2626953125,-1.4033203125,0.3250732421875,110.41259765625,-183.9599609375,173.64501953125
-1.2386474609375,-1.36767578125,0.3265380859375,92.83447265625,-183.59375,172.54638671875
-1.238037109375,-1.322998046875,0.33203125,76.23291015625,-181.94580078125,171.69189453125
-1.2060546875,-1.265380859375,0.3316650390625,60.97412109375,-179.8095703125,171.32568359375
-1.154541015625,-1.2041015625,0.327392578125,48.095703125,-177.06298828125,171.0205078125
-1.1180419921875,-1.14453125,0.314697265625,37.53662109375,-174.1943359375,170.7763671875
-1.0906982421875,-1.089111328125,0.2952880859375,28.80859375,-171.2646484375,170.2880859375
-1.025390625,-1.05322265625,0.273681640625,21.240234375,-168.701171875,169.73876953125
-0.92626953125,-1.0340576171875,0.2652587890625,14.16015625,-166.68701171875,168.3349609375
-0.86962890625,-1.0108642578125,0.2783203125,8.36181640625,-164.4287109375,166.44287109375
-0.8607177734375,-0.982666015625,0.3072509765625,5.67626953125,-161.62109375,164.36767578125
-0.8336181640625,-0.9498291015625,0.3460693359375,7.6904296875,-158.3251953125,162.841796875
-0.7900390625,-0.916015625,0.37890625,13.427734375,-154.35791015625,161.9873046875
-0.751220703125,-0.876708984375,0.398193359375,22.0947265625,-149.96337890625,161.31591796875
-0.7139892578125,-0.8375244140625,0.4071044921875,32.1044921875,-145.5078125,160.70556640625
-0.676513671875,-0.8048095703125,0.4052734375,41.56494140625,-141.357421875,159.85107421875
-0.62353515625,-0.77685546875,0.3984375,49.86572265625,-137.87841796875,158.203125
-0.5692138671875,-0.761474609375,0.3992919921875,57.2509765625,-135.19287109375,156.005859375
-0.5128173828125,-0.7567138671875,0.4185791015625,63.29345703125,-133.30078125,153.01513671875
-0.4771728515625,-0.746337890625,0.4461669921875,67.9931640625,-131.28662109375,149.90234375
-0.44775390625,-0.7347412109375,0.476318359375,72.8759765625,-129.08935546875,146.91162109375
-0.41796875,-0.7149658203125,0.5035400390625,78.06396484375,-126.46484375,143.9208984375
-0.3768310546875,-0.6905517578125,0.5225830078125,83.3740234375,-123.291015625,140.9912109375
-0.326904296875,-0.6634521484375,0.5284423828125,88.68408203125,-120.42236328125,138.48876953125
-0.2822265625,-0.639892578125,0.5257568359375,92.71240234375,-117.85888671875,136.23046875
-0.2369384765625,-0.618896484375,0.5225830078125,94.1162109375,-116.2109375,133.97216796875
-0.1949462890625,-0.612060546875,0.523681640625,92.8955078125,-114.80712890625,131.28662109375
-0.1326904296875,-0.60693359375,0.5528564453125,89.111328125,-113.83056640625,127.86865234375
-0.087646484375,-0.5911865234375,0.5887451171875,83.55712890625,-112.3046875,124.3896484375
-0.06591796875,-0.573974609375,0.6148681640625,77.08740234375,-110.29052734375,121.2158203125
-0.048828125,-0.5418701171875,0.63720703125,69.88525390625,-107.7880859375,118.408203125
-0.0352783203125,-0.504638671875,0.6414794921875,62.255859375,-104.98046875,115.66162109375
-0.015869140625,-0.4736328125,0.639404296875,53.955078125,-102.4169921875,113.46435546875
0.017333984375,-0.45458984375,0.646484375,44.86083984375,-100.5859375,110.90087890625
0.06982421875,-0.4456787109375,0.6783447265625,34.7900390625,-98.876953125,108.58154296875
0.1177978515625,-0.43994140625,0.732421875,23.49853515625,-96.8017578125,106.4453125
0.1529541015625,-0.4288330078125,0.800048828125,10.7421875,-93.93310546875,104.736328125
0.15625,-0.4132080078125,0.8646240234375,-2.86865234375,-89.66064453125,103.759765625
0.164306640625,-0.3795166015625,0.91650390625,-16.41845703125,-83.8623046875,103.45458984375
0.1732177734375,-0.33837890625,0.9320068359375,-29.1748046875,-77.1484375,103.57666015625
0.1812744140625,-0.2884521484375,0.9114990234375,-40.771484375,-70.3125,103.8818359375
0.201416015625,-0.2427978515625,0.87451171875,-50.59814453125,-63.96484375,103.8818359375
0.2232666015625,-0.203125,0.841064453125,-58.65478515625,-58.4716796875,103.271484375
0.25732421875,-0.1689453125,0.8515625,-64.94140625,-54.99267578125,101.25732421875
0.28271484375,-0.1312255859375,0.8804931640625,-69.39697265625,-52.001953125,98.81591796875
0.2998046875,-0.0826416015625,0.915771484375,-70.86181640625,-48.03466796875,96.61865234375
0.312744140625,-0.0355224609375,0.93994140625,-69.9462890625,-43.212890625,94.8486328125
0.3258056640625,0.0113525390625,0.937744140625,-67.81005859375,-38.14697265625,93.1396484375
0.322265625,0.05615234375,0.917236328125,-64.39208984375,-33.26416015625,91.00341796875
0.3173828125,0.0985107421875,0.896240234375,-60.546875,-29.47998046875,88.0126953125
0.330810546875,0.1385498046875,0.875,-55.419921875,-26.0009765625,84.5947265625
0.355712890625,0.173828125,0.8587646484375,-49.86572265625,-23.3154296875,80.62744140625
0.363525390625,0.2069091796875,0.835693359375,-44.49462890625,-21.484375,76.171875
0.382080078125,0.2274169921875,0.8101806640625,-38.63525390625,-20.32470703125,71.1669921875
0.409423828125,0.226318359375,0.8057861328125,-32.3486328125,-19.71435546875,65.7958984375
0.459228515625,0.251220703125,0.8360595703125,-26.611328125,-19.287109375,59.814453125
0.4976806640625,0.26513671875,0.8433837890625,-22.705078125,-18.12744140625,54.74853515625
0.5323486328125,0.2874755859375,0.8792724609375,-19.47021484375,-15.56396484375,50.72021484375
0.5430908203125,0.3099365234375,0.8795166015625,-18.00537109375,-11.77978515625,47.18017578125
0.5172119140625,0.3189697265625,0.8343505859375,-18.61572265625,-8.056640625,43.212890625
0.509521484375,0.3408203125,0.7869873046875,-20.01953125,-4.82177734375,38.4521484375
0.5076904296875,0.3636474609375,0.7249755859375,-21.3623046875,-2.8076171875,32.77587890625
0.509765625,0.373046875,0.6549072265625,-21.6064453125,-1.8310546875,26.9775390625
0.5267333984375,0.376708984375,0.61328125,-20.3857421875,-2.0751953125,21.54541015625
0.5556640625,0.3731689453125,0.5838623046875,-18.4326171875,-2.99072265625,16.357421875
0.5655517578125,0.36474609375,0.561279296875,-15.9912109375,-4.5166015625,11.53564453125
0.5693359375,0.360107421875,0.56640625,-13.36669921875,-6.16455078125,6.9580078125
0.5748291015625,0.3525390625,0.574462890625,-11.53564453125,-7.4462890625,2.8076171875
0.57861328125,0.345458984375,0.5826416015625,-10.92529296875,-8.1787109375,-0.9765625
0.578857421875,0.346435546875,0.58984375,-11.90185546875,-8.30078125,-4.638671875
0.57763671875,0.343505859375,0.5819091796875,-14.34326171875,-8.23974609375,-8.11767578125
0.58203125,0.3416748046875,0.5684814453125,-18.06640625,-8.23974609375,-12.20703125
0.5908203125,0.341796875,0.5638427734375,-22.5830078125,-8.544921875,-16.7236328125
0.5958251953125,0.3331298828125,0.5513916015625,-27.89306640625,-8.9111328125,-21.240234375
0.58984375,0.321533203125,0.543701171875,-33.3251953125,-9.21630859375,-26.0009765625
0.5867919921875,0.3133544921875,0.5513916015625,-38.57421875,-10.009765625,-30.76171875
-1.753662109375,-2.3291015625,0.2586669921875,224.4873046875,-220.458984375,114.31884765625
-1.867431640625,-2.329833984375,0.3243408203125,197.69287109375,-235.90087890625,116.3330078125
-2.0054931640625,-2.29443359375,0.4027099609375,171.630859375,-249.32861328125,119.9951171875
-2.1326904296875,-2.2459716796875,0.4683837890625,150.32958984375,-260.68115234375,125.06103515625
-2.2470703125,-2.185791015625,0.5198974609375,136.474609375,-270.44677734375,130.79833984375
-2.3133544921875,-2.14208984375,0.5570068359375,131.53076171875,-279.35791015625,136.77978515625
-2.40771484375,-2.11962890625,0.5775146484375,133.36181640625,-287.90283203125,143.06640625
-2.54052734375,-2.169189453125,0.6187744140625,136.8408203125,-295.8984375,148.92578125
-2.630859375,-2.23291015625,0.6646728515625,133.544921875,-303.16162109375,153.6865234375
-2.7064208984375,-2.2650146484375,0.68701171875,119.32373046875,-309.5703125,158.447265625
-2.76416015625,-2.2803955078125,0.71875,96.0693359375,-314.3310546875,164.85595703125
-2.839111328125,-2.2679443359375,0.759521484375,65.185546875,-317.7490234375,172.9736328125
-2.9071044921875,-2.2076416015625,0.7943115234375,30.517578125,-319.2138671875,182.6171875
-2.938232421875,-2.1170654296875,0.80126953125,-2.01416015625,-318.2373046875,193.9697265625
-2.9661865234375,-2.0240478515625,0.807861328125,-29.052734375,-315.73486328125,206.60400390625
-3.015869140625,-1.9202880859375,0.803466796875,-49.6826171875,-312.3779296875,219.66552734375
-3.037841796875,-1.8203125,0.7979736328125,-62.19482421875,-308.53271484375,232.177734375
-3.0548095703125,-1.751220703125,0.82958984375,-67.44384765625,-305.2978515625,243.10302734375
-3.104248046875,-1.6826171875,0.863037109375,-67.3828125,-302.06298828125,251.953125
-3.10107421875,-1.6201171875,0.931396484375,-62.98828125,-297.91259765625,259.46044921875
-3.08251953125,-1.521728515625,0.9815673828125,-53.40576171875,-292.90771484375,265.19775390625
-3.0811767578125,-1.4349365234375,1.02978515625,-34.24072265625,-286.376953125,268.9208984375
-3.014404296875,-1.3941650390625,1.048583984375,-5.7373046875,-278.99169921875,271.1181640625
-2.94580078125,-1.4073486328125,1.0255126953125,26.67236328125,-271.728515625,271.484375
-2.8702392578125,-1.4208984375,0.9681396484375,55.48095703125,-265.625,269.34814453125
-2.769775390625,-1.4334716796875,0.8927001953125,77.57568359375,-262.14599609375,265.2587890625
-2.6805419921875,-1.456298828125,0.8485107421875,93.1396484375,-261.1083984375,259.82666015625
-2.6419677734375,-1.4647216796875,0.8206787109375,102.5390625,-260.92529296875,253.23486328125
-2.5823974609375,-1.45849609375,0.78955078125,108.5205078125,-260.92529296875,246.27685546875
-2.483642578125,-1.454833984375,0.75634765625,114.31884765625,-260.43701171875,239.501953125
-2.406005859375,-1.4495849609375,0.7200927734375,121.2158203125,-259.09423828125,232.72705078125
-2.35888671875,-1.4573974609375,0.678955078125,128.35693359375,-257.14111328125,226.5625
-2.298828125,-1.48193359375,0.6197509765625,133.30078125,-254.638671875,221.00830078125
-2.2255859375,-1.500244140625,0.5579833984375,132.9345703125,-253.35693359375,216.064453125
-2.1837158203125,-1.5074462890625,0.5328369140625,126.64794921875,-253.41796875,211.3037109375
-2.1395263671875,-1.5184326171875,0.5576171875,115.478515625,-253.90625,206.84814453125
-2.0887451171875,-1.5096435546875,0.6002197265625,101.74560546875,-253.96728515625,203.43017578125
-2.0430908203125,-1.4625244140625,0.6617431640625,87.5244140625,-251.953125,200.50048828125
-1.9620361328125,-1.3873291015625,0.7152099609375,76.47705078125,-247.55859375,198.30322265625
-1.8306884765625,-1.309326171875,0.7451171875,70.556640625,-240.966796875,197.08251953125
-1.706787109375,-1.2342529296875,0.7569580078125,67.81005859375,-232.7880859375,195.9228515625
-1.6065673828125,-1.15380859375,0.7532958984375,66.46728515625,-224.2431640625,194.580078125
-1.5079345703125,-1.0888671875,0.733154296875,66.34521484375,-215.39306640625,193.05419921875
-1.417724609375,-1.0252685546875,0.71484375,66.650390625,-207.58056640625,190.61279296875
-1.339599609375,-0.963134765625,0.7073974609375,67.32177734375,-200.5615234375,187.744140625
-1.280029296875,-0.8963623046875,0.697998046875,69.2138671875,-194.39697265625,184.4482421875
-1.24560546875,-0.83984375,0.681640625,71.71630859375,-188.65966796875,181.2744140625
-1.2037353515625,-0.7965087890625,0.660400390625,74.52392578125,-184.326171875,178.16162109375
-1.148681640625,-0.7540283203125,0.63720703125,77.08740234375,-180.96923828125,174.86572265625
-1.0870361328125,-0.7099609375,0.6204833984375,79.28466796875,-178.5888671875,171.630859375
-1.02734375,-0.673828125,0.6158447265625,81.84814453125,-176.81884765625,168.0908203125
-0.967041015625,-0.6470947265625,0.6337890625,84.65576171875,-175.47607421875,164.4287109375
-0.916748046875,-0.6207275390625,0.6600341796875,86.42578125,-174.37744140625,160.33935546875
-0.869140625,-0.5863037109375,0.68798828125,85.693359375,-172.7294921875,155.3955078125
-0.82421875,-0.5474853515625,0.72119140625,83.0078125,-170.654296875,150.2685546875
-0.772705078125,-0.5059814453125,0.7420654296875,78.79638671875,-167.41943359375,145.20263671875
-0.6905517578125,-0.477783203125,0.7445068359375,74.5849609375,-162.65869140625,140.869140625
-0.6060791015625,-0.4691162109375,0.7408447265625,69.64111328125,-157.89794921875,136.71875
-0.5302734375,-0.4527587890625,0.7493896484375,62.6220703125,-153.74755859375,132.14111328125
-0.4757080078125,-0.43115234375,0.7607421875,54.38232421875,-149.90234375,127.74658203125
-0.431640625,-0.4119873046875,0.76611328125,45.71533203125,-145.56884765625,123.10791015625
-0.42724609375,-0.3697509765625,0.7471923828125,37.4755859375,-140.80810546875,118.5302734375
-0.3775634765625,-0.3480224609375,0.7596435546875,31.3720703125,-136.29150390625,114.3798828125
-0.313720703125,-0.33642578125,0.758056640625,26.30615234375,-132.6904296875,110.4736328125
-0.2476806640625,-0.325439453125,0.78759765625,22.5830078125,-128.84521484375,106.0791015625
-0.22216796875,-0.2965087890625,0.82177734375,20.56884765625,-124.6337890625,102.05078125
-0.178466796875,-0.276611328125,0.84814453125,20.44677734375,-119.81201171875,98.69384765625
-0.1654052734375,-0.2698974609375,0.8565673828125,21.240234375,-114.74609375,95.458984375
-0.1484375,-0.2630615234375,0.88427734375,22.03369140625,-109.80224609375,91.73583984375
-0.09912109375,-0.251953125,0.9078369140625,23.01025390625,-105.224609375,87.46337890625
-0.0457763671875,-0.24609375,0.914794921875,23.13232421875,-100.2197265625,83.49609375
-0.0079345703125,-0.2481689453125,0.936279296875,22.5830078125,-95.3369140625,79.89501953125
0.025146484375,-0.240478515625,0.9776611328125,21.6064453125,-90.8203125,75.927734375
0.04443359375,-0.2261962890625,1.0155029296875,20.81298828125,-86.24267578125,71.96044921875
0.067626953125,-0.2088623046875,1.0465087890625,21.240234375,-80.6884765625,68.54248046875
0.0897216796875,-0.20703125,1.0797119140625,22.8271484375,-74.64599609375,65.185546875
0.15673828125,-0.1951904296875,1.1231689453125,25.0244140625,-68.9697265625,61.767578125
0.2017822265625,-0.1859130859375,1.1478271484375,27.16064453125,-63.3544921875,58.59375
0.21875,-0.1710205078125,1.1585693359375,29.11376953125,-57.373046875,55.2978515625
0.2567138671875,-0.1514892578125,1.0936279296875,33.0810546875,-45.22705078125,49.49951171875
0.3055419921875,-0.165771484375,1.092529296875,33.203125,-40.58837890625,46.630859375
0.34423828125,-0.17626953125,1.114013671875,30.3955078125,-36.865234375,43.0908203125
0.3369140625,-0.180908203125,1.1375732421875,24.35302734375,-32.71484375,39.36767578125
0.3310546875,-0.17724609375,1.1585693359375,17.27294921875,-27.7099609375,35.64453125
0.334716796875,-0.1627197265625,1.15185546875,10.31494140625,-22.52197265625,31.6162109375
0.341064453125,-0.13720703125,1.1181640625,4.33349609375,-17.333984375,27.52685546875
0.3592529296875,-0.1131591796875,1.0604248046875,0.18310546875,-12.51220703125,23.8037109375
0.3807373046875,-0.0928955078125,0.989501953125,-1.89208984375,-8.60595703125,20.1416015625
0.388671875,-0.0804443359375,0.92333984375,-3.41796875,-6.34765625,16.41845703125
0.3970947265625,-0.075439453125,0.8773193359375,-5.06591796875,-5.126953125,12.451171875
0.42431640625,-0.080810546875,0.8616943359375,-8.056640625,-4.82177734375,8.1787109375
0.4586181640625,-0.0977783203125,0.8818359375,-13.0615234375,-4.69970703125,3.60107421875
0.4974365234375,-0.1104736328125,0.9124755859375,-20.69091796875,-4.150390625,-1.64794921875
0.527099609375,-0.1134033203125,0.9512939453125,-30.1513671875,-2.685546875,-6.9580078125
0.549072265625,-0.1016845703125,0.9700927734375,-38.6962890625,0.0,-12.5732421875
0.5645751953125,-0.075439453125,0.962890625,-43.76220703125,3.84521484375,-18.00537109375
0.578369140625,-0.0498046875,0.8787841796875,-43.15185546875,12.0849609375,-26.2451171875
0.572021484375,-0.0491943359375,0.8232421875,-39.4287109375,15.13671875,-30.09033203125
0.56201171875,-0.057861328125,0.78857421875,-36.0107421875,16.78466796875,-33.87451171875
0.545654296875,-0.0718994140625,0.7730712890625,-33.5693359375,17.578125,-37.841796875
0.5203857421875,-0.0836181640625,0.7635498046875,-32.958984375,18.37158203125,-42.17529296875
0.50439453125,-0.098876953125,0.7587890625,-33.69140625,19.59228515625,-46.81396484375
0.5025634765625,-0.1151123046875,0.763916015625,-35.0341796875,20.3857421875,-51.57470703125
0.500732421875,-0.12744140625,0.7755126953125,-36.31591796875,21.17919921875,-56.45751953125
0.4876708984375,-0.1336669921875,0.7799072265625,-36.62109375,22.76611328125,-60.791015625
0.4586181640625,-0.1402587890625,0.7713623046875,-35.70556640625,24.47509765625,-64.8193359375
0.4307861328125,-0.1484375,0.7603759765625,-33.02001953125,26.3671875,-68.4814453125
0.4052734375,-0.161376953125,0.744384765625,-29.9072265625,28.076171875,-71.71630859375
0.3770751953125,-0.1756591796875,0.732177734375,-26.9775390625,29.6630859375,-74.5849609375
0.3502197265625,-0.192138671875,0.7220458984375,-24.96337890625,31.25,-77.392578125
0.3416748046875,-0.2139892578125,0.7159423828125,-24.2919921875,32.5927734375,-79.9560546875
0.33544921875,-0.2288818359375,0.7061767578125,-25.20751953125,33.87451171875,-82.6416015625
0.3206787109375,-0.2369384765625,0.6943359375,-26.91650390625,35.5224609375,-85.44921875
0.29443359375,-0.2421875,0.676513671875,-28.80859375,37.04833984375,-88.134765625
0.2803955078125,-0.2435302734375,0.6571044921875,-30.2734375,38.330078125,-90.6982421875
0.2733154296875,-0.2457275390625,0.639892578125,-31.8603515625,39.36767578125,-93.1396484375
0.2620849609375,-0.2509765625,0.62158203125,-32.8369140625,40.10009765625,-95.64208984375
-1.7962646484375,-1.6776123046875,0.6864013671875,118.408203125,-194.15283203125,159.912109375
-1.8226318359375,-1.690185546875,0.643798828125,122.98583984375,-197.1435546875,162.4755859375
-1.845703125,-1.7254638671875,0.574462890625,128.662109375,-201.416015625,165.83251953125
-1.871337890625,-1.7724609375,0.5081787109375,131.40869140625,-207.03125,169.677734375
-1.9185791015625,-1.81396484375,0.460693359375,127.74658203125,-214.17236328125,173.40087890625
-1.9559326171875,-1.8524169921875,0.4407958984375,117.49267578125,-222.22900390625,176.8798828125
-2.135986328125,-1.9490966796875,0.556396484375,82.94677734375,-237.060546875,184.75341796875
-2.218994140625,-1.94970703125,0.615234375,61.1572265625,-240.966796875,190.12451171875
-2.3140869140625,-1.955322265625,0.66845703125,40.0390625,-242.37060546875,196.35009765625
-2.3394775390625,-1.9163818359375,0.6842041015625,19.95849609375,-242.12646484375,203.125
-2.3751220703125,-1.869873046875,0.667724609375,4.5166015625,-240.17333984375,210.75439453125
-2.3883056640625,-1.855224609375,0.62939453125,-5.37109375,-238.22021484375,219.05517578125
-2.4078369140625,-1.8380126953125,0.5858154296875,-13.916015625,-236.6943359375,227.60009765625
-2.396240234375,-1.814697265625,0.5479736328125,-20.751953125,-236.14501953125,235.107421875
-2.4156494140625,-1.7896728515625,0.5291748046875,-24.0478515625,-236.63330078125,242.12646484375
-2.4664306640625,-1.7652587890625,0.545654296875,-23.0712890625,-237.3046875,248.35205078125
-2.517822265625,-1.75146484375,0.5740966796875,-18.24951171875,-238.22021484375,254.45556640625
-2.5572509765625,-1.7227783203125,0.5928955078125,-9.94873046875,-239.2578125,259.8876953125
-2.583251953125,-1.7115478515625,0.6185302734375,3.11279296875,-240.17333984375,264.404296875
-2.627197265625,-1.714599609375,0.6322021484375,19.10400390625,-241.02783203125,268.12744140625
-2.6051025390625,-1.7415771484375,0.6405029296875,34.85107421875,-242.00439453125,270.8740234375
-2.694091796875,-1.731201171875,0.62890625,48.828125,-242.85888671875,272.216796875
-2.6827392578125,-1.7020263671875,0.6302490234375,63.1103515625,-244.68994140625,273.74267578125
-2.6263427734375,-1.697265625,0.647705078125,78.2470703125,-246.76513671875,274.658203125
-2.6231689453125,-1.69140625,0.693359375,90.51513671875,-247.49755859375,273.0712890625
-2.633056640625,-1.684326171875,0.76220703125,99.91455078125,-246.09375,270.01953125
-2.578857421875,-1.6661376953125,0.81298828125,108.0322265625,-242.1875,266.90673828125
-2.47607421875,-1.64794921875,0.82861328125,116.0888671875,-236.4501953125,264.5263671875
-2.394287109375,-1.6348876953125,0.793701171875,122.74169921875,-229.67529296875,262.63427734375
-2.3214111328125,-1.6007080078125,0.733154296875,125.79345703125,-223.81591796875,260.31494140625
-2.239990234375,-1.55859375,0.6737060546875,127.5634765625,-219.42138671875,257.50732421875
-2.1934814453125,-1.5181884765625,0.6171875,129.39453125,-216.796875,254.638671875
-2.1387939453125,-1.468994140625,0.5850830078125,129.39453125,-216.00341796875,251.220703125
-2.08056640625,-1.4005126953125,0.57080078125,127.9296875,-216.24755859375,246.826171875
-2.032958984375,-1.339111328125,0.5721435546875,126.03759765625,-216.97998046875,242.3095703125
-1.9779052734375,-1.2752685546875,0.57861328125,122.9248046875,-217.59033203125,236.81640625
-1.9141845703125,-1.2230224609375,0.5823974609375,117.67578125,-217.8955078125,231.0791015625
-1.832275390625,-1.185546875,0.59375,109.80224609375,-217.95654296875,224.67041015625
-1.76025390625,-1.15576171875,0.614013671875,99.67041015625,-217.6513671875,218.32275390625
-1.7099609375,-1.1334228515625,0.6533203125,88.0126953125,-216.6748046875,212.34130859375
-1.6573486328125,-1.1134033203125,0.68994140625,76.5380859375,-214.84375,206.787109375
-1.57568359375,-1.0888671875,0.7235107421875,66.7724609375,-211.85302734375,202.33154296875
-1.4862060546875,-1.0545654296875,0.7501220703125,58.77685546875,-207.45849609375,199.03564453125
-1.39599609375,-1.014404296875,0.7589111328125,53.22265625,-202.5146484375,196.6552734375
-1.327392578125,-0.9747314453125,0.761962890625,48.52294921875,-197.265625,194.7021484375
-1.2724609375,-0.9296875,0.756591796875,43.15185546875,-192.19970703125,192.626953125
-1.210693359375,-0.889892578125,0.74853515625,36.80419921875,-187.43896484375,190.5517578125
-1.131591796875,-0.8519287109375,0.7587890625,29.72412109375,-182.6171875,187.8662109375
-1.060791015625,-0.8260498046875,0.7855224609375,21.42333984375,-178.466796875,184.99755859375
-1.0218505859375,-0.7982177734375,0.8248291015625,12.63427734375,-173.828125,182.12890625
-0.9951171875,-0.765625,0.8614501953125,3.84521484375,-168.27392578125,179.443359375
-0.954833984375,-0.7237548828125,0.8863525390625,-4.08935546875,-162.109375,177.18505859375
-0.8946533203125,-0.67626953125,0.893798828125,-10.43701171875,-155.517578125,175.10986328125
-0.8311767578125,-0.62744140625,0.8841552734375,-15.625,-149.10888671875,173.52294921875
-0.779296875,-0.584228515625,0.8697509765625,-20.751953125,-142.822265625,172.36328125
-0.742431640625,-0.5557861328125,0.8802490234375,-25.69580078125,-137.14599609375,170.8984375
-0.70068359375,-0.524658203125,0.8958740234375,-31.06689453125,-131.591796875,168.8232421875
-0.6402587890625,-0.4891357421875,0.906982421875,-35.2783203125,-125.244140625,166.1376953125
-0.5770263671875,-0.4501953125,0.9139404296875,-36.92626953125,-118.7744140625,163.63525390625
-0.5321044921875,-0.409423828125,0.9151611328125,-36.62109375,-112.3046875,161.43798828125
-0.501708984375,-0.3665771484375,0.90087890625,-35.2783203125,-106.26220703125,159.24072265625
-0.46875,-0.325927734375,0.8780517578125,-32.89794921875,-100.76904296875,156.79931640625
-0.42529296875,-0.295166015625,0.85498046875,-31.06689453125,-96.19140625,154.296875
-0.3936767578125,-0.272216796875,0.8411865234375,-30.09033203125,-91.97998046875,151.611328125
-0.364013671875,-0.25146484375,0.83203125,-30.1513671875,-88.43994140625,148.37646484375
-0.297607421875,-0.2333984375,0.8538818359375,-32.53173828125,-84.8388671875,144.59228515625
-0.2254638671875,-0.2054443359375,0.8599853515625,-38.4521484375,-80.810546875,140.68603515625
-0.161865234375,-0.17822265625,0.8675537109375,-44.49462890625,-75.62255859375,137.939453125
-0.1258544921875,-0.152099609375,0.9044189453125,-50.4150390625,-71.8994140625,135.498046875
-0.113525390625,-0.1236572265625,0.9447021484375,-56.15234375,-67.138671875,133.1787109375
-0.1031494140625,-0.08837890625,0.965087890625,-61.34033203125,-61.70654296875,131.103515625
-0.077392578125,-0.051513671875,0.9700927734375,-66.10107421875,-56.09130859375,128.90625
-0.035888671875,-0.0128173828125,0.9622802734375,-70.3125,-50.47607421875,126.40380859375
0.0252685546875,0.0247802734375,0.970458984375,-73.2421875,-44.98291015625,123.59619140625
0.053466796875,0.050048828125,0.9788818359375,-75.8056640625,-39.6728515625,120.54443359375
0.051025390625,0.0823974609375,1.002197265625,-77.94189453125,-34.48486328125,117.12646484375
0.0360107421875,0.1280517578125,1.0155029296875,-79.2236328125,-29.6630859375,113.1591796875
0.0447998046875,0.181396484375,1.0224609375,-78.4912109375,-24.96337890625,109.2529296875
0.068115234375,0.2374267578125,1.0343017578125,-75.5615234375,-20.6298828125,104.79736328125
0.0889892578125,0.300537109375,1.029541015625,-70.1904296875,-16.90673828125,99.609375
0.1009521484375,0.35498046875,0.9969482421875,-62.43896484375,-13.671875,94.482421875
0.1253662109375,0.400146484375,0.942138671875,-51.94091796875,-11.29150390625,89.35546875
0.1729736328125,0.4251708984375,0.8997802734375,-39.12353515625,-10.07080078125,84.3505859375
0.240478515625,0.443359375,0.9066162109375,-25.45166015625,-10.31494140625,79.16259765625
0.2904052734375,0.4459228515625,0.93115234375,-12.939453125,-10.80322265625,74.03564453125
0.319580078125,0.450927734375,0.9854736328125,-2.44140625,-10.6201171875,68.9697265625
0.308349609375,0.45263671875,1.0355224609375,5.67626953125,-9.6435546875,63.65966796875
0.3084716796875,0.4495849609375,1.0399169921875,11.474609375,-7.568359375,58.349609375
0.3323974609375,0.4659423828125,1.0128173828125,15.80810546875,-5.126953125,52.30712890625
0.37841796875,0.490966796875,0.966552734375,20.3857421875,-3.11279296875,46.32568359375
0.4525146484375,0.510986328125,0.9345703125,25.0244140625,-1.77001953125,40.771484375
0.489501953125,0.5086669921875,0.90625,28.80859375,-0.9765625,35.94970703125
0.4805908203125,0.49072265625,0.8701171875,29.96826171875,-0.30517578125,32.04345703125
0.4652099609375,0.490478515625,0.8402099609375,27.77099609375,-0.48828125,28.01513671875
0.471435546875,0.53857421875,0.826171875,22.216796875,-1.46484375,23.86474609375
0.508056640625,0.6676025390625,0.8016357421875,13.916015625,-2.44140625,19.22607421875
0.5462646484375,0.8133544921875,0.7933349609375,2.0751953125,-2.86865234375,13.916015625
0.537353515625,0.8294677734375,0.7996826171875,-13.73291015625,-2.9296875,7.50732421875
0.4957275390625,0.739501953125,0.82421875,-31.43310546875,-2.86865234375,0.3662109375
0.47265625,0.7174072265625,0.848876953125,-49.01123046875,-1.953125,-6.53076171875
0.4608154296875,0.61279296875,0.8359375,-62.68310546875,-0.42724609375,-13.00048828125
0.4583740234375,0.5577392578125,0.81982421875,-70.73974609375,0.9765625,-19.1650390625
0.4552001953125,0.5242919921875,0.781005859375,-71.6552734375,2.197265625,-24.5361328125
0.4454345703125,0.5042724609375,0.733154296875,-66.83349609375,2.62451171875,-28.99169921875
0.4366455078125,0.4979248046875,0.69921875,-58.53271484375,2.0751953125,-32.40966796875
0.4542236328125,0.482421875,0.68359375,-48.52294921875,1.3427734375,-35.2783203125
0.4677734375,0.4571533203125,0.6822509765625,-39.1845703125,0.48828125,-37.90283203125
0.4554443359375,0.44091796875,0.696044921875,-30.94482421875,-0.1220703125,-40.95458984375
0.436279296875,0.427001953125,0.7071533203125,-23.681640625,-0.1220703125,-44.3115234375
0.4205322265625,0.4112548828125,0.7109375,-17.39501953125,0.1220703125,-47.79052734375
0.4093017578125,0.395263671875,0.718017578125,-11.90185546875,1.0986328125,-51.025390625
0.39501953125,0.3721923828125,0.703857421875,-7.38525390625,2.25830078125,-54.19921875
0.375244140625,0.3525390625,0.6788330078125,-4.21142578125,3.11279296875,-57.06787109375
0.3470458984375,0.3385009765625,0.65283203125,-2.01416015625,3.47900390625,-59.87548828125
0.330322265625,0.318359375,0.6181640625,-0.9765625,3.5400390625,-62.3779296875
0.3323974609375,0.296630859375,0.5887451171875,-0.732421875,2.86865234375,-64.51416015625
0.368896484375,0.278564453125,0.5955810546875,-1.953125,1.8310546875,-66.34521484375
0.385498046875,0.2601318359375,0.61328125,-5.92041015625,0.54931640625,-68.603515625
-1.341064453125,-1.7281494140625,1.0440673828125,62.744140625,-171.7529296875,146.91162109375
